id,sequence,length,class
Achn165251,MQDRGRRKSKSSDAAVQKVKKQPQRGMGVAQLERLRLQERWNNMTEIGNFPPQPLSLHNPYSLSPPSYQNPVSTTQFGHGLNPVLFQNGRVGGVFPGQFQADPYGIGAPNPSVRVGNVGEPSSELPSIPNLEGFSDHYVVYHKKKRVDGKNLGCNGMRGKPADLYPIHGCGFQGFNQELEVLAVHRKGISGVVMEYEFFPETRGRGTCSNDLELGLSEASVTTTSSGFDASNSVDLSLKLSYX,243,1
Achn357291,MKKKKPPQRGMGVAQLERLRLQERWAKMALNNSPLQSLSPYDHPFYPTNQALLLPRLANGQFCGPGFGGLVSDTVRLDPYGVGAPNPDKTSRELSSMPTMRFYPDGPDPWGLCHKEKRVNGEDLGYHGMRAVNGDPSKVNGCDFLGFNLGNSPNIGGENGELGKREPSQASFSCSNGDQEVEVVGVKRKNLRVESVIMEYEFFPRQCGRGPSPNELDLEASVAVCVGDPLSGGLSLMTPTSSCFDASKSIDLSLKLSCX,259,1
AA32G01105,MATSLFFISSTDHNNNNNTSLSTPNDHHLPSNTDLIRTTEPQKTRGRKPGSKSVPQQNQKKPRRRGMGVAQLERQRIQEEHKLTSLDTNPNPNQIPNPNPNRLPDPLLVLQGFPSYQKTNAVCRRYYSGGGSVVGPGQVIIDPVCSQDQTTKWGFVETSTELSSIPKNNPHILNPSHTYFKKKRFDGDVIRSHGGCGGVGGGFSKYTMIPPMNNGCYDHLPSVFGQDQRCLGMYYDHRVARSTLAPTGFFNHTTGSMGDYVKGNPSNEGGGAGGLHMVKEYEFFPGKYENFPGKYGDNISSEGDCSLNTSSIDLSLKL,318,1
evm_27.model.AmTr_v1.0_scaffold00072.24,MATTLLLWSPSGSPPPDDQTNDQDQENQPDQGRSRGRKSKINASGSSQKKVPQRGLGVAQLERLRLQEQRRKQADSEQASPFPAFPGNVSFIERHNAVNFPNRLAPMSCGGLTERHMALTDVVQRYRLRNGMRPGVTEPFGSERVPVNDMRFHNPTPFRSESIRLKELSSNQSPVCWSDQCEYCLKRKREFYGINMGAASKEGCDFLGLALWNAKNVEGEAARDIMHVHTGMAIHEGGETVTLQRSRGRELMEYDFLGGDAPLRGGDGSSSYEPPYPEPSSSFLDLSLKLSTX,293,1
Aqcoe1G240500.1.p,MAQEENQRCSNNNSSGGGVVRVSKKPKQKKIPQRGLGVAQLEKIRLEEEQKNEAAVVGGTGTSIVGSSSSTSPSSFVVLPLPKHHNISSSSLPFPSSSSPKELPPFKSNFRPKFEVFGQSPTIPSCLQPPHPPFYGHNTSFGGGSTIVGGHSYFPSVLNSCEMSYDRECAKLHPGLMFHTHMHNDLNPIGPSSTLNGMQKQHYHQEQSHSSKVNVATTISSGLNVQIEPPSNQSYNSNYRLTPWPENEKMIGTKRQWPFSLDNPSSPSNCNYPPLIPRIPRMDERPLASYENGGALRFEAGFSSFREGPSGFSAQQVDWKAGMPELNLKNNSKENVALDTVLSLGISTPASSSTTKAKQPLECPTSSYQEFSDFNTSTHQEYYGDPLFRRGEPVQSQCMYNFFPPKTPQIGVLAANSGDQRVGISDCVDLDLKLX,435,1
Aqcoe7G134300.1.p,MATSFFFPNNGNTVGGGGGGGGGEMMNQENSMLLFGQPEIRKQRAGGKKNINGKVNNNSNNQKKQSQRGMGVEKLERLRMGGYLNKFVEIEGGSSASATATAASHHDPFLHHHHQFNFPFTYGGGSVTATAVHHVPFAAEYVGGHVINNNVYQVHQPVSAAANNLGFSPYASRFVNGGGFTMVPMTPNQFHQAPNKELSSIQINDSNYDNSWNKKKLINGSGGEVLEYDGEKTEMQINGCDSLALSLGLSNSNTTNLNLHDQEAQEVMKMHRKRNGGDAGRRGERVLMEYEFLPHHKGSSSSSRSNKDNTTSVSKGGLVLGHEASPTNNNNFLDLSLKLSCYNX,344,1
Araha.18479s0010.1.p,MATSLFFMTTDQNSVGNPNDLLRNTRLVVNSSGEIRTETQKSRGRKPGSKTGQQNQKKPKLRGMGVAKLERQRIEEEKKQLAAATVGDTSAASISNNATRSPVPVDPGVVLQGFPSPLGGCRSNRIYCGGVGSGQMMIDPVCSPWGFVETSPTHELSSISNPQMYNASSNNRCDTCFKKKRLDGDQNNVVRSNGGGFPKYTMIPPPMNGYDQYLLQPDHQRSQGFLNDHRIARSASVSASSTTINPYFNEATNHTGSMEEFGSYMEGNPRNGSGGVKEYEFFPGKYDDFSGKYGERVSVVATSSSVIGDCSPNTIDLSLKLX,322,1
492066,MATSLFFMATDQNSVGNPNDLLRNTRLVVNSSGEIRTETHKSRGRKPGSKTGQQKQKKPTLRGMGVAKLERQRIEEEKKQIAATVGETSAASISNNATRLPVPVDPGVVLQGFPSPLGGCRSNRIYCGGVGSGQMMIDPVCSPWGFVESSSTHELSSISNPQMYNASSNNRCDTCFKKKRLDGDQNNVVRSNGGGFSKYTMIPPPMNGYDQYLLQPDHHQRSQGFLYDHRIARSASVSASSTTINPYFNEATNHTVPMEEFGSYMEGNPRNGSGGVKEYEFFPGKYGERVSVVATSSSVIGDCSPNTIDLSLKLX,315,1
AT4G27330.1,MATSLFFMSTDQNSVGNPNDLLRNTRLVVNSSGEIRTETLKSRGRKPGSKTGQQKQKKPTLRGMGVAKLERQRIEEEKKQLAAATVGDTSSVASISNNATRLPVPVDPGVVLQGFPSSLGSNRIYCGGVGSGQVMIDPVISPWGFVETSSTTHELSSISNPQMFNASSNNRCDTCFKKKRLDGDQNNVVRSNGGGFSKYTMIPPPMNGYDQYLLQSDHHQRSQGFLYDHRIARAASVSASSTTINPYFNEATNHTGPMEEFGSYMEGNPRNGSGGVKEYEFFPGKYGERVSVVAKTSSLVGDCSPNTIDLSLKL,314,1
KFK29248.1,MATAPFCVPTADQTSVGNPNELVLRNNQGLVNVSGEIRTEPQKTRGRKPGSKKGQQNPKKERLRGMGVAQLERHRIEEERKMLTGASASPRTTRLPVSNPAVVLQGFPSSYGGGPAGGCRNRFICGGVGSGQIMIDPVCPPWGFVETAPHELSSIPNNRCDTGFKKMRLDGDHNVVRSNGGGGFSKYTMIPMNGYDQRTPSFCYDHRLPRSSASFNPYFNEPTNHMVSMEEFGSYMEGSPRNGSGGVKEYEFFPGKFDDEHGKPVSVATSLADCSPNTSTIDLSLKL,287,1
Aradu.403SG,MATTTSFLHLMVTDNNNNNNHEDQQPMMDNNPVLSEETTRTRSSNEHGGRIIRSGRNKGARVKPKKPPQRGLGVEQLERLRMQECWKKMMMMNDSSSSSSSSPSSSSSSGVVLPTTTSTTADYYHHHHHYPNMLATFGGNNGGVTMKYGAAAAPSAPRSHVHAGGFQFIPQQVFHGSAVGHFMGNNRSGFSGGSSSSSSCSSFGSVAMAPVFNPLLGTPLVETSRSELTSIPNLHHHSHLHQPLDFCLKKTRFNNEENVNGSNARKENPLIIWNNGPNFVGYEAPNLDDREEVTEIIKNDEAAADEVDLINNNLFVAVHRKGNSVCGRVFMEYEFFPGKDGRGTSSKELEFPTIAAAEAEASPITVPPPPTSTPYRKLPPPSSNSNTNNNIDLSLKLSR,399,1
Aradu.IYI0S,MEDDHNTKVAQELQIQNYSSDGNGNENGSGGGSGRSSKKPKQRKVPQRGLGVAKLEKIRIEELQKKNFATAQLHQQEDSIASTKPTYMRPPIQNFHHSIQPAPRSQAEFRPMSFQQQMLDAKVPGTGTVPLTNSSGFEKEMFVVDPAAIQFLPSFSFESNPVWPLPNLGPRAPQFHHQLTSMVNVSPSGMSTPPMLHYSKEPPSNQNCNVNDLLARQAEKIFGVKRPYPFCLDAPPVPAYNYKLHPFAETQMNAATLCNSGFNYDAGNSSLRELPSCSASNSELNSRKRSKENENFNGDFLTLAPPTPTSSPPSQTKPFSAFLEIPNQDNPESESPSFQGTIEDQVPQPQAFNRFNQQEQPFYYFFPPAAHQLQTGLSTARTPNVNGAKENIDLNLKLGK,400,1
Araip.8N9BQ,MATTTSFLHLMVTDNNNNNNHEDQQPMMDNNPVLSEETTRTRSSNEHGGRIIRSGRNKGARVKPKKPPQRGLGVEQLERLRMQECWKKMMMMNDSSSSSSSSPSSSSSSGVVLPTTTSTTADYYHHHHNHHHYPNMVATFGGNNGGVTMKYGASAAPSAPRSHVHGGGFQFIPQQVFHGSAVGHFMGNNRSGFSGGSSSSSSCSSFGSVAMAPVFNPLLGTPLVETSRSELTSIPNLHHHSHLHQPLDFCLKGVEVVAVHRKGNSVCGRVFMEYEFFPGKDGRGTSSKELEFPTIAAAEAEASPITVPPPPTSTPYRKLPPPSSNSNTNNNIDLSLKLSR,340,1
Araip.X32YN,MEDDHNTKVAQELQKQTYSSDGNGNGSGGGGGGGGGRPSKKPKQKKVPQRGLGVAQLEKIRMEELQKKNAVTILSPQQDSVASTKPTCMHLPIQNFHHSSQPPPRSQAEFRPMSLKQMLDAKVPGTGTVPLTHNSGFEEERFWVDPAAMQFLPSFPFESNPVWPLPYLGQKAPQFHHQLTSMVNVSTPPMPHYSREPPSNQNCNDNGLFARQAEKIVGVKRSYPFCLDAPPVPAYNYKLHPFAETQTNATTLCNSGFNNDASNSTLRELPSCSASNSELNSRKRNKENENFVGDFLTLASPTSTSSPPSKTKPFSAFLAIPNKDNPESESPSFQDTIEDQVPQVQAFNRFNQQKQPFYYFFPPVADELQIGLSAARTQNVNEAKENVDLNLKLGK,395,1
Neem_3558_f_2,MEKYTAATPSLENAVSSLAPDEAKPEASKTRGRKPGSKATAQKKKPPQRGMGVAQLERLRLQERWKKMTEMPPLDSLSIHNNFQYQPTTHSALPEPIPSVPVMHGAGNYGVPIVAGGGLLGLDQGIVMHKVGHGGGFGGVSGGSGSGQVMMNHNRIGVDPDLKVGQVGSSSLMSLSGTSKELSSMPNMQQPWALMPHERCNICFYKKKRFHEENIGIFHGVKDNYAQTSPTNGYGFAEMMNHENNLNFNEGINGFGAFYVGHPILTNEAVVIHKNGKSMDRSVPREYEFFPGKVGRSTSLKELEFPAEASVAVCGEASCFTTTAYSANAASNSVDLSLKLSL,342,1
Bostr.7867s0553.1.p,MATSLFFMSTDQNSVGNPNELLRNTHLGVNSSSEIRTEPQKSRGRKPGSKKGQQNQKKPTLRGMGVAKLERLRTEAEKKQIAATVGDTSVAPNPNNATRLLPVPDPVVVLQGFPSSLGGCRSNRIYCGGVGSGQIMIDPVCSPWGYVETSTHELSSIPNPQMYNASSNTRCDTCFKKKRLDEDQNNVVRSNGGGFSKYTMIHPPMNSYDHLLQPDYQRSQGFIYDHRIARSAPPSATSTNSYFNEATNHTVSMEEFGSYMEGNPRNGSGGVKEYEFFPGKYDDFPGIHGKRISSVATSVVGDCSPNTSSSTIDLSLKLX,319,1
GSBRNA2T00042253001,MATSLSFMSTDQNSSLSFMSTDQNSVRNPNELLRNTYQLVNGEIRTEPPKKSRGRKPGSKTGQQNQKKPTLRGMGVAKLERVIAEEEKKKTVVVGGEGDTSAASPNVNRLPVLPDRGVVLQGFPSYGGGPHNTSLGGYTRSRFLCGGGAGSGQIMIDPVCSPWGSVETSTHELSSIPNPQMYNASNNHCDTCFKKKRLDGDQNVVRSNGGGFSKYTMMIPHPPPPINGYDDQRSQGFFYDQRIARSAPVSASMNPYFNEATNLTGSTEEFGCLNPRNGTRGVKEYEFFPGKYDDFQGKSFPVATSVGDCSPNTSSTIDLSLKLX,324,1
GSBRNA2T00046732001,MAASLFFMPRDQNPNEFLRNTYLVNDSSEIPTEPPQNSHGRIPGSETGNQKPKKQVLRGMGVARLERLRIEEEWKNMVLAQGGRGASPNATRSPDPGVVLQGFPSYGTGGHNMSVGGYTRNGSGQIPVYSPWGVVGTSTHEPSSVPTPQVYNPSNIHCDACYKRQRINEEVRANGGGFPHFLPPDQRSQGFFYDHRIARYPASPSASTNQGSMEEFGSGSPRNGTGDVKEYQFFPGSDGNKSVSSVSTSVGDCSPDTSTIDLTLKLX,267,1
GSBRNA2T00149461001,MATSLSFMSTDQNTSLSFMSTDQNSVRNPNELLRNTYQLVNGEIRTEPPKKSRGRKPGSKTGQQNQKKPTLRGMGVAKLERVIAEEEKKKTVVAGGEGDTSAASPNANRLLPVLPDRGVVLQGFPSYGGGPTNTSLGGYTRSRFLCGGGAGSGQIVIDPVCSPWGFVETSTHELSSIPNPQMYNASSNHCDTCFKKKRLDGDQNVVRSNGGGFSKYTMMIPPPPPPMNGYDDQRSQGFFYDQRIARSAPVSASMNPYFNEATNLTGAMEEFGSLNPRNGTRGVKEYEFFPGKYDDFQGNSFPVATSVGDCSPNTTSSTIDLSLKLX,326,1
GSBRNA2T00154656001,MAASLFFMPTDQNPNEFLRNTYLVNDSSEIPTEPPQNSHGRMPGSETGNQKPKKQVLRGMGVARLERLRIEGERKNMVLAQGGRGASPNATRSPDPGVVLQGFPSYGTGGPNMSVGGYTRNGSGQIPVYSPWGVVGTSTHEPSSFPTPQVYNHCDVCFKRQRINEEVRANGGGFPQYTMVPHFLPPDQRSQSFLYDHRITRYSASPSASTNQGSMEELGSGSPRNGTGDVKEYQFFPGSDGNKSVSSVSTSVGDCSPDTSTIDLSLKLX,269,1
XP_013591504.1,MATSLSFMSTDQNSSLSFMSTDQNSVRNPNELLRNTYQLVNGEIRTEPPKKSRGRKPGSKTGQQNQKKPTLRGMGVAKLERVIAEEEKKKTVVVGGEGDTSAASPNVNRLPVLPDRGVVLQGFPSYGGGPHNTSLGGYTRSRFLCGGGAGSGQIMIDPVCSPWGFDETSTHELSSIPNPQMYNASNNHCDTCFKKKRLDGDQNVVRSNGGGFSKYTMMIPHPPPPMNGYDDQRSQGFFYDQRIARSAPVSASMNPYFNEATNLTGSTEEFGCLNPRNGTRGVKEYEFFPGKYDDFQGKSFPVATSVGDCSPNTIDLSLKL,320,1
XP_013596954.1,MAASLFFMPTDQNPNEFLRNTYHVNDSSEIPTEPPQNIHGRIPGSETGNQKPKKQVLRGMGVARLERLRIEEERKNMILAQGGRGASPNATRSPDPGVVLQGFPSYGTGGPNMSVGGYTRNGSGQIPVYSPWGVVGTSTHELSSIPTPQVYNPSNIHCDACFKRQRINEEVRANGGGFPQYTMVPHFLPPDQRSQGFLYDHRITRYSASPSASTNQGSMEELGSGSPRNGTRDVKEYQFFPGSDGNKSVSSVSTSVGDCSPDTSTIDLSLKL,272,1
XP_009137652.1,MAASLFFMPRDQNPNEFLRNTYLVNDSSEIPTEPPQNSHGRIPGSETGNQKPKKQVLRGMGVARLERLRIEEEWKNMVLAQGGRGASPNATRSPDPGVVLQGFPSYGTGGHNMSVGGYTRNGSGQIPVYSPWGVVGTSTHEPSSVPTPQVYNPSNIHCDACYKRQRINEEVRANGGGFPHFLPPDQRSQGFFYDHRIARYPASPSASTNQGSMEEFGSGSPRNGTGDVKEYQFFPGSDGNKSVSSVSTSVGDCSPDTSTIDLTLKL,266,1
XP_009137653.1,MAASLFFMPRDQNPNEFLRNTYLVNDSSEIPTEPPQNSHGRIPGSETGNQKPKKQVLRGMGVARLERLRIEEEWKNMVLAQGGRGASPNATRSPDPGVVLQGFPSYGTGGHNMSVGGYTRNGSGQIPVYSPWGVVGTSTHEPSSVPTPQVYNPSNIHCDACYKRQRINEEVRANGGGFPHFLPPDQRSQGFFYDHRIARYPASPSASTNQGSMEEFGSGSPRNGTGDVKEYQFFPGSDGNKSVSSVSTSVGDCSPDTSTIDLTLKL,266,1
XP_009143320.1,MATSLSFMSTDQNSSLSFMSTDQNSVRNPNELLRNTYQLVNGEIRTEPPKKSRGRKPGSKTGQQNQKKPTLRGMGVAKLERVIAEEEKKKTVVAGGEGDTSAASPNANRLLPVLPDRGVVLQGFPSYGGGPTNTSLGGYTRSRFLCGGGAGSGQIVIDPVCSPWGFVETSTHELSSIPNPQMYNASNNHCDTCFKKKRLDGDQNVVRSNGGGFSKYTMMIPPPPPPMNGYDDQRSQGFFYDQRIARSAPVSASMNPYFNEATNLTGAMEEFGSLNPRNGTRGVKEYEFFPGKYDDFQGNSFPVATSVGDCSPNTTSSTIDLSLKL,325,1
Csa10g015550.1,MATSLFFMPTDQNSVGNQNELLRINTHLGVVNSSGEIRTTEPQTQKSRGRRPGSKKGQQNQKKPTLRGMGVAKLERERLKTEAAENKQIAATLVGDSPVGPANPNNAARLLPVPVDPVLVLQGFPSSLGGCRNNRIYCGGVGSGQIMIDPVCSPNWGFVETSPHHHELSSIPNPQMYNAISDPRCDTCFKKKRVDEDQNNVVRSNGGGFSKYTMIHPPMNGYEQLLQPDYQRSSQGFMYDHHHRIARSAPPSAASTNPYLNEATNHTVSMEEYGSGYMEGNPRSGSGGGVKEYEFFPGKYNDGFPGKYGKRVSSMATTSVLGDCSPNTSSSTIDLSLKLX,340,1
Csa11g016840.1,MATSLFFMPTDQNSVGNPNELLRISTNLGVVNSSGEIRTTEPQTQKSRGRRPGSKKGQQNQKKPTLRGMGVAKLERERLKTEAAENKQIAATLVGDSPVATPMNPNNAARLLPVPVDPVLVLQGFPSSLGGCRNNRIYCGGVGSGQIMMGPVCSPNWGFVETSPHHHELSSIPNPQMYNAISDPRCDTCFKKKRVDEDQNNVVRSNGGGFSKYTMIHPPPMNGYEHLLQPDYQRSSSQGFMYDHHHRIARSAPPSAASTNPYLNEATNHTVSMEEYGSGYMEGNPRSGWGGGVKEYEFIPGKYDDGFPGKYGKRVSSMGTTSVLGDCTSSSTIDLSLKLX,340,1
Csa12g023560.1,VDPVLVLQGFPSSLGGCRNNRIYCGGVGSGQIMMDPVCPPWGFVETSPHHHELSSIPNPQMYNAISDPHCDTCFKKKRVDEDQNNVVRSNGGGFSKYTMVHPPMNGYEHLLQPDYQRSNQGFMYDHHHHRIARSAPPSAASTHPYLNEATNHTVSMEEYGSGYMEGNPRSGGSGGGVMEYEFFPGKYDDGFPGNYGKGVSSMATTSPNPSSSTIDLSLKLX,221,1
Cagra.0570s0036.1.p,MATSLFFMPTDQNSVGNPNELLRNTHLGVNSSGEIRTEPQKCRGRKPGSKKGQQNQKKPTLRGMGVAKLERERLKTEAAENKQVAATLGDTLVAPPNPNNATRLLPVPVDPVLVLQGFPSSVGGGCRSNRIYCGGVGSGQIMIDPVCSPWGFVETTSTHELSSIPNPQMFNASSNTRCDTCFKKKRLDEDQNNVVRSNGGGFSKYTMIQPPMNGYEHLFHQDYQRSSQGFIYDHHRMARSAPPSAAAATSINPYLNEATNHTVSMEEFGSGYMEGNPRNGSGGVKEYEFFPGKYDDFPGNYGKTVSSMATSVVVGDCSPTNTSSSSSTIDLSLKLX,336,1
Carubv10006307m,MATSLFFMPTDQNSVGNPNELLRNTHLGVNSSGEIRTEPQKSRGRKPGSKKGQQNQKKPTLRGMGVAKLERERLKTEAAENKQIAATLGDTSVAPPNPNSATRLLPVPVDPVLVLQGFPSSVGGGCRSNRIYCGGVGSGQIMIDPVCSPWGFVETTSTHELSSIPNPQMYNASSNTRCDTCFKKKRLDEDQSNVVRSNGGGFSKYTMIQPPMNGYEHLFQQDYQRSSQGFIYDHHRMTRSAPPSAAAATSSNPYLNEATNHTVSMEEFGSGYMEGNPRNGSGGVKEYEFFPGKYDDFPGKYGKTVSSKATSVVVGDCSRTNTSSSSSTIDLSLKLX,336,1
CA07g18300,MATSHHPILQENHQSRQTQTMNTSSTTRRRSSNNAQKKKKPPQRGMGVEQLERLRVQEQLKNSNIHIGGTHHQCLSSNNFPNFSSSASATVATGGVGVDSGIYSNPILNSSPLFQFPKSIVSPSNDFFVQQKVVNTGFIGSSATTVPTGPSIAFGNQSQIDLYRFVNPNSNNGKSKEIPHLFSNNNSSCFSDRCSSCNKKKRVINGDEMNISMENMIREKEVSGTKSFFQNPYSLPSSRLEKAVEIVAIHRKGNSSLSSDEGVVMEYDFFSEKNGNTNHTSCLGKTMKMMSANNSPESSSVAAAMGNINGESSSVTTISWATDTPTSSIDLSLKLSFX,338,1
evm.model.supercontig_12.16,MATSNSSLLFKAAEQSNAANQEEPKVDSPPEDQIESPRSRGRKPSKVPAQKKQPQRGMGVAQLERLRLQERWKKMTDITQVNALHVPNQFHSVPHLPFTTDSIGGVPVLHGGAYYAGPTIGGDGLLCLDPRMVAHRIGNGGFGGFYGGGSGCLMMDQGRVGTPGSDMRVQIETAKELPSIQTMLQQSGPDCFDACSKKKRSDGLDTGFNGSGKDQYGLSFFSSSKSCDFVGVDREKNAGTFNGDHFNGFGAVKSTKSPLFASRDSNEQVEVMAIHRKGNCDENGGSLVMEYEFFPGKTSEKIIKEKRGWPAEASVNAMSNGEASNHLTTSTASYANSSSDPATSIDLSLKLX,352,1
maker-scaffold06470-augustus-gene-0.10-mRNA-1,MATTSTNRTPLFLMASHPNMNTVYEETKSPTSKTRGRKPSKGPTQKKQPQRGLGVAQLERLRIQERWKKMTEFPSCPPDPQPPLQCQTPFMSPFTEHHVSGSVPVQYCAPAPPSSVVNGSCGAGNGGSGFGGTFGMMMSDQVVLNPYAGIGVPDPRVFIETSRELSSMPNLQSVPHNCDLCLLKKRFNKGKIGFDGGRDQNSEISPISGSGFHGSNLENIPNFTSNFGATAPRHATRNLDQGVEVVAIHRKGNSMGGSVFMEYEFFPGKSGRGTSSKGLELPREASVAVGGEPSYPTTTAYCATSSSVDLSLKLSY,316,1
XP_012572724.1,MASEKTISFHEDETMKPLYVEQGTAKNRGRRSNGKGPKKPPQRGLGVEQLERMRAQETLKKMAEASGIVHLDHHHQCHFGNSNNSVNPLRYNAQYSSNGSFHFPQQMMMNENNNNNNVFGAFIGNNKNHNVGAGWLVPNINQHNNKLETSKNLSSMSNINSQCFDLCLKKTRLNEENVIRGTNATRREMPLGMWSNMNDFLGFVPQHVSPNFVGENGDFYNKLVRHDATVVSAYPTHHNLDEVVAVHRRGNSSGSGRVFMEYEFFPGKDGRGTTSKELEFPTNTNTIVFGEPSSSITFTAYGGDTTTTASNSIDLSLKL,319,1
Cla023435,MATPIHTGREETRPAEPAKTRPGRKTGTKNPNQKKPPQRGLGVAQLERLRLQEKWKIMTEMPPPHHFFQSHPPLLDNTFLNFPLHFPAAAPPMVATGCGGGVLGFDHQSLVVQRIGNNAGFLGGGELYPHGGGVLIGNSSVEVSRELSSIPKLPPPPPFPSCDSDRCDTCFKKKRVNFSNIMKEKNINIAAAETPPLAAASSFDFLGLSKNSTAELNSPTIVNHHTNSDFDFSFNFNQGRGGDSGGGGGGGGEESRLMEYEFFPRKNGRGTEIEELKMPKEELSLFGEENEEEEEEVLAVDHGEGSCITTSCNDIINGGTRNSTALDLSLKLSF,334,1
Ciclev10010617m,MGQEDQTQKCSNSSSGNCSGGGLGNIVRSAKKQKPKKVPQRGLGVAQLERIRIEEQKRKDASLTASSNQPCSSSISSPNSMFMPSSCSSVIQNIEILNSKANTVPSTNNPAGCSSSSVSIHHGHAANVHKLHNSCDYSLEKESAGVDPGLNFRSNFNNLPFDSVPVWPFPSSMQRPQLFLHPSSSMVFESSSATSSSSIINFQMEPPSNQSYYSNNYPPMWPEEDKMVGMKRPYPFSIDHPPAFSTLHYKIPPIVHPRVISRSEDSASCGRGHTLIFEPGFAMSREGSSCSAFMLEPNNSKKSIKENGVLNGGFLTLAPPTSTSLCQGSKFKRPPHFLAFTNSEFPDFELLPYQGSVVDQMHRPGQNQRQPYYSFFPQSMAQTGQATSTMTNCNNGEVGESVDLNLKLX,409,1
orange1.1g044979m,MGQEDQTQKCSNSSSGNCSGGGLGNIVRSAKKQKPKKVPQRGLGVAQLERIRIEEQKRKDASLTASSNQPCSSSISSPNSMFMPSSCSSVIQNIEILNSKANTVPSTNNPAGCSSSSVSIHHGHAANVHKLHNSCDYSLEKESAGVDPGLNFRSNFNNLPFDSVPVWPFPSSMQRPQLFLHPSSSMVFESSSATSSSSIINFQMEPPSNQSYYSNNYPPMWPEEDKMVGMKRPYPFSIDHPPAFSTLHYKIPPIVHPRVISRSEDSASCGRGHTLIFEPGYAMSREGSSCSAFMLEPNNSKKSIKENGVLNGGFLTLAPPTSTSLCQGSKFKRPPHFLAFTNSEFPDFELLPYQGSVEDQMHRPGQNQRQPYYSFFPQSMAQTGQATSTMTNCNNGEVGESVDLNLKLX,409,1
orange1.1g048191m,MSCTVCDHHHEAAAAAAASGVNIVKSGRGRKPSNKANAQKKQKKTPQRGMGVAQLERLRQQEMPPPTPSIQNGHLQSHMPFPEPIPSVPVLHGAGHYGMPSVVVGNGLLSPLEESRVLHSGGGGRSGQVLMSKNLVGLGTSKELSSMPKNMHVHHHQQPWGVLPQQHCDICLKGTQAVLIHRNGNSMGRNVPREYEFFPGKGGKSTSSKDLEFPLEEASVAVHGEASWFTPTAYYSDSNACGPSNSIDLSLKLSVX,256,1
MELO3C018179P1,MATPLQQQTSNTSHPPKPRAGRKPGPKNPNQKKPPQRGLGVAQLERLRLQENWKTVTEISPPTFLLHNTLPNFPLHFPPAPPPILHTDCIAAGAGAVLGFDHHGFVVQRIGNNGGFLPAGGVLIGNTSVEASRELSSIPKLPLACDSDRCDHCFKKKRVNFSNRMKEKNIIAAAAETPSFDFLGLGTNSTAELNTHSVMNHHTDSGWDLDYDFSLNLKQVRGGGGDGGEGSKLMEYEFFPRKNGRGTEIEELKMPKEELSLFREENEEEEEEVLAMDHGEGSCITTSCNDIINGGTRNSTALDLSLKLSFX,311,1
Dca58649.1,MIPTTTSLFFKSSSNNNNNNNNNNNNNNINNNNNRSNNQSDAKPDPTPKPRSRRGGRAQKGPTKPPQRGMGVAKTELEIKRKEGLSPTDRLIASKMAAAAAADNMMTTRNAGLPVTLPGYPVHPYPVPVPVPHYYFPGQQSDPSSLRAAYPIVPDPHLELPPMPNLALHDNHAALSYKKKRMNGDEEENEGMLVGFGKGKEKLYCGDNYGVNYGGFNGNYPNNSSYYHHFGVNNNAVFPVSYDFTPSAANDQAMMMTTHQMMRMPNSSVTEYGFFPEMSNKGYYYHQNNNNNNNNNNNNNNNNNDNNNNRDDNTNNNNNNRDINNNYYYNNDQLDLKLGCSETISYASSPSSSLTTATYNNNNNNNNTTVITTITTTTTTADTFLDLSLKLSNY,394,1
EcC007297.50,MGQEEKNPKRSISSYGGVRTRSSKKQKQKKVPQRGLGVARLEKIRIEEQQKSHATVAAVSTLTPPQDSDPDVS,73,1
EcC040153.10,MATSAATHPLLMAATEPPRLEVTANATNNGIVTSGADQNRREPSKPRSRRTGKTHPPKKQPQRGMGVAQLERLRLQDQERWTKMSEIPPQPYTPYFLPHSNPQRPGFPFPGSLDAVGGVPVQYRTPPTHLPPVSTGLGLGLGLGMGKGFLVERKDDGGVDQGRKAGVSVRARVMFDAFGAGAPVGQGGSSKAVETSRELSSIPNVQKCVSDRCDVCLKKKRMDSQSAGLFINRARENCPEKMGVSDCDFLGLNLEIPPSKAARTPIYTTHNLGDDDQNVEVTAIRRRVNVWGGGVSMEYDFFPGKSGRSTWTEGRNFPAGGEVAADADASEDGGGEASNSIDLSLKLSC,349,1
EcC052999.30,MATSAATHPLLMAATEPPRLEVTANATNNGIVTSGADQNRREPSKPRSRRTGKTHPPKKQPQRGMGVAQLERLRLQDQERWTKMSEIPPQPYTPYFLPHSNPQRPGFPFPGSLDAVGGVPVQYRTPPTHLPPVSTGLGLGLGLGMGKGFLVERKDDGGVDQGRKAGVSVRARVMFDAFGAGAPVGQGGSSKAVETSRELSSIPNVQKCVSDRCDVCLKKKRMDSQSAGLFINRARENCPEKMGVSDCDFLGLNLEIPPSKAARTPIYTTHNLGDDDQNVEVTAIRRRVNVWGGGVSMEYEFFPGKSGRSTWTEGRNFPAGGEVAADADASEDGGGEASNSIDLALKLSC,349,1
Thhalv10025957m,MATSLFFIPTDQNNPNELQRNTHHVNGSGEIRTEPQQKTRGRKPGSKTGQQNQKKPKRRGMGMAQLERIRIEGEKKKTAVAGGGDTSAITTRLPDPGVVLQGFPSYGGPTTASSFGSRLYCGGVGSGQIMIEPWGFVETPNIRYDTCFIKKKRLDGDDQNVVRSNGGGFSKYTMIPPPMNGYDHLLPPDQRNQGFFYDHRLARSASASSNHPYFHEATNHTGLLDEFESGNPRNGTGDVKEYEFFPRKYDETDSVATSVGDCSPNISTIDLSLKLX,276,1
mrna27169.1-v1.0-hybrid,MGVEEKTQQCTSPTGGFGRSSNSKKTNKQKKVPQRGLGVAQLEKIRLEEQQKKAASVLTSPTPTPASNSLPSPTKSSPCVPNPAPIRHYQPPSSISFPSLPSLDLPSPNSIFRPPNAEVVRKQQNSVSAVPLPNNGFEIPGHGNVVVPNFWNPNCEYNGADLNKESSSGILDPGFAFRPSLNNLPTFDHSNPIWPLPNFQRTQQFHHQPQPQPPPPPPPSLVNVSSATSLSSSSSVLNFHTEPPSNQSYYSNYTTPMWSEEERMVGMKRPYPFSQEIDAPSINFKFPTFVAPPMRTDETTSCGNRGGTYNLDPGCNSIFREGPTCSTSIAESNSKISIKENGSVNGDFLTLAPPTSNRACPSQKFSFPPGYLAFHNPEVPNFASFPYQGSSEDTIFQPGPSGSNPQQAFYTFIPPARAQLVRPAATINNCNGDVGETVDLNLKLX,445,1
FANhyb_rscf00000585.1.g00002.1,MGVEEKTQQCTSPTGGFGRSSNSKKTNKQKKVPQRGLGVAQLEKIRLEEQQKKAASVLSSPTPTPASNSLPSPTKSSPCVPNPAPIRHYQPPSSISFPSLPSLDLPSPNSIFRPPNAEVVRKQQNSVSAVPLPNNGFEILGHGNVVVPNFWNSNCEYNGADLNKESSSGILDPGFAFRPSLNNLPTFDHSNPIWPLPNFQRTQQFNHQPQPPPPPPPPSLVNVSSATSLSSSSSVLNFHTEPPSNQSYYSNYTTPMWSEEERMVGMKRPYPFFQDNDAPSINFKFPTFVAPPMRTDETTSCGNRGGTYNLDPGCNSIFREGRTCSTSIAESNSKITIKENGSVNGDFLTLAPPTSNRACPSQKFSFPPGYLAFHNPEVPNFASFPYQGSSEDTIFQPGPSGSNPQQAFYTFIPPARAQLVRPAATINNCNGDVGETVDLNLKL,443,1
Cotton_A_28157_BGI-A2_v1.0,MATSLTLLTPNTDNPTTKPMEDEAKPAMEFVKSNKGRKPSGKGPYQKKQPQRGMGVAQLERLRKMSETRTPTTINQFGCEAMGASNVPVLHGVANYGVPSMMINGGSGGLWGWGADTDGLMMQRVVGNGGFGGFNSQVLVGNPGNVQVSCAAASVVEASKELSSMPKFQHCKPEHCDLCFKKKRCNMENGKFNGGLFNQFGQTFPNKGTDFHGWNLENNQNTNEEMMKGFRARAARSAYAYAAAGQMNINETVDVVAIHRKGNSFGTGSYVMEYEFFPGKNGRNTASKEWEFPEEASSSAITVGGEASYANNAPNCVDLSLKLSY,325,1
Gh_A01G0529,MATSLTLLTPNTDNPTTKPMEDEAKPAMEFVKSNKGRKPSGKGPYQKKQPQRGMGVAQLERLRKMSETRTPTTINQFGCEAMGASNVPVLHGVANYGVPSMMINGGSGGLWGWGADTDGLMMQRVVGNGGFGGFNSQVLVGNPGNVQVSCAAASVVEASKELSSMPKFQHCKPEHCDLCFKKKRCNMENGKFNGGLFNQLGQTFPNKGTDFHGWNLENNQNTNEEMMKGFRARAARSAYAYAAAGQMNINETVDVVAIHRKGNSFGTGSYVMEYEFFPGKNGRNTASKEWEFPEEASSSAITVGGEASYANNAPNCVDLSLKLSY,325,1
Gh_D01G0542,MATSLTLLTPNTDNPTTKPMEDEAKPAMEFVKSNKGRKSSGKGPYQKKQPQRGMGVAQLERLRKMSETRTTTTINQFGCEAMGASNVPVLHGVANYGVPPMMINGGSGGLWGWGADTDGLMMQRVVGNGGFGGFNSQVLVGNPGNVQVGCAAASVVEASKELSSMPKFQHCKPEHCDLCFKKKRCNMENGKFNGGLFNQFGQAFPNKGTDFHGWNLENNQNTNEEMMKGFSARAARSAYAYAAAGQMNINETVDVVAIHRKGNSFGTGSYVMEYEFFPGKNGRNTASKEWEFPEEASSSAITVGGEASYANNAPNCVDLSLKLSY,325,1
Gorai.002G077500.1,MATSLTLLTPNTDNPTTKPMEDEAKPAMEFVKSNKGRKSSGKGPYQKKQPQRGMGVAQLERLRKMSETRTTTTINQFGCEAMGASNVPVLHGVANYGVPPMMINGGSGGLWGWGADTDGLMMQRVVGNGGFGGFNSQVLVGNPGNVQVGCAAASVVEASKELSSMPKFQHCKPEHCDLCFKKKRCNMENGKFNGGLFNQFGQALPNKGTDFHGWNLENNQNTNEEMMKGFSARAARSAYAYAAAGQMNINETVDVVAIHRKGNSFGTGSYVMEYEFFPGKNGRNTASKEWEFPEEASSSAITVGGEASYANNAPNCVDLSLKLSYX,326,1
HL.SW.v1.0.G005922.1,MSTSLRFGVMATDEISPSHHELRTNKGALSSVNGSLEAKREVGGGAKSSSGRGRKPTNKGPSNTKKQPQRGLGVAQLERLRLQEWKKINEMPQQVLHPGTPTAAGALNFPVPAPVVDHNSFQFQMVPNSVITAMTEPLHSVPVQYGAGGSYGAGTTRFLSAVVHQPGHVAAASGFMSCSGDCGSSPAGILEHRSVVVDPHHPHPHPHHHLHHPYHHCYGILNSNGSLGSSPDQMFPAGAAVYDHHPHHENSKELSSIPKMQSFINPSQLQDRSDFCFKKTRFNGENIGELTLGLGTRGVRSTSHDDEGLEIVAVHRKVNSVSGGVVMEYEFFPGKNDSCGISGTGSNEILMKKMPTSSDHPTSISVADEASYINTFSASAAATTTTYGSDISNPVDLSLKLX,402,1
Jcr4S03297.40,MASSLPFLLRTTTEQTQRASKTHIESESTKSDQPTRKSRGRKPSKGPPRNKQPQRGMGVEQLERLRLQERWKEITETNQVDSLNLQPDQLSVPDPIHSFPVQYGTVSYGVPVINGGGFLGFDEGGLFFKRIENGGFGQELNRSHSSGQVLLNPYAFGAPDMRVRVGSTGTAFEISNELTSMPKGMHNLDNIPSDVCFKKKRFNGESIGYQNGSKEKFAEISPINSSDFLGLNLENKININHNNENQMGGFTARAARSAFYASHNLTDQSVQVVAVHRKANPTMGGNVFMEYDFFPGKTNGKNSAEALAVVGNAGGEASCVSNSVDLSLKLSF,332,1
Jcr4S17311.10,MASSLPFLLRTTTEQTQRASKTHIESESTKSDQPTRKSRGRKPSKGPPRNKQPQRGMGVEQLERLRLQERWKEITETNQVDSLNLQPDQLSVPDPIHSFPVQYGTVSYGVPVINGGGFLGFDEGGLFFKRIENGGFGQELNRSHSSGQVLLNPYAFGAPDMRVRVGSTGTAFEISNELTSMPKGMHNLDNIPSDVCFKKKRFNGESIGYQNGSKEKFAEISPINSSDFLGLNLENKININHNNENQMGGFTARAARSAFYASHNLTDQSVQVVAVHRKANPTMGGNVFMEYDFFPGKTNGKNSAEALAVVGNAGGEASCVSNSVDLSLKLSF,332,1
WALNUT_00000558-RA,MTDIRPTKHINAPPPETDNLDWNVLTIIWKRTRMDKADQTQRYNNSGSGGGIGGVARSSKNPKQKKAPQRGLGVAQLEKIRLEEQQKKDVAAILSPPASVSQRESSFLSLPIPTYHHSNPSSCSIPFPSPSLPDLSSRDLLIRPPQPGQNNDEKNSSTVNSAGFEAGWLGISVPGLGCVPKLRNSHEYNLEKENSGMDPRLAFRSNLNLPYESDNHIWPPPSLMPKTQQYQQQPMVNVSSGTSSSSVLNFRMEPPSNQSYYCNYSPMWPPEEVKMVGTKRLYPFSLDNSSGPSSHYKLPSLVVPVRSDESASCENVGMFNFEGSNSILRGRPSWSTSISNSNLNSNKSIKENEVIKGEFLSLSPRITSTCPSSKFMQHSACLASQDPRFRDESLPYQGIVEDPIIKPAGSSLLNQQPPFYYFLPPAKEQIGKATTTMNNCNGGVGERIDLNLKL,454,1
Kaladp0011s1291.1.p,MASPSPLLMIVSQGSTKPQPGSSNQEYSSPKSEHPKLPRGRKPTKSNKSPMKKKPSQRGMGVERLERLRLQEKWGGGGSSLPEAAAALPAHLHQFQPPPHPLIPVAAPSPAAHFGPQLLNMADPKVRLLGGGSCGSWMARGWVGGLLETSRKELSSIPKLMPCHHHQCDACCSKNKCHHALTGLHSNHGHTVGLEMKDFNGITMRQIYHHINKQEAEMMGVTRLASGLKDLSSFLAYALQIATQTASLGPLSSTLITLALSLRHITPFQATNTPLLQPAMPX,282,1
Kalax.0002s0037.1.p,MASPSPLLMIVSQGSTKPQPGSSNQDYSSPKSEHPKLPRGRKPTKSNKSPMKKKPSQRGMGVERLERLRLQEKWGGGGSSLPEAAAALPAHLHQFQPPPHPLIPVAAPSPAAHFGPQLLNMADPKVRILGGGSCGSLMARGWVGGLLETSRKELSSIPKLMPCHHHQCDACCSKNKCHHALTGLHSNHGHAVGLEMKDFNGITMRQIYHHVNKQEAEMMGVTRLASGLKEYEFFPSEKGLKEIEFFPGICTSDSHTDSFTRSFEQQSHHTSTESASYYSIPSHQYTTTAASNAIDLSLKLSLX,303,1
Kalax.0470s0015.1.p,MASPSPLLMIVSQGSTKPQPGSSNQEYSSPKSEHPKLPRGRKPTKSNKSPMKKKPSQRGMGVERLERLRLQEKWGGGGSSLPEAAAALPAHLHQFQPPPHPLIPVAAPSPAAHFGPQLLNMADPKVRLLGGGSCGSWMARGWVGGLLETSRKELSSIPKLMPCHHHQCDACCSKNKCHHALTGLHSNHGHTVGLEMKDFNGITMKQIYHHINKQEAEMMGVTRLASGLKEYEFFPGICTSDSHTDSFTRSFEQHSHHTSTEPASYYSIPSHQYTTTAASNAIDLSLKLSLX,291,1
Lsa002750,MTTSMVMEMNLGENSGVKQSVNGGGGRRKTKGSELTQKKNKQPQRGMGVEQLERLRLQERWKKMTEVPSLHHPFALPAFSSSSCTTVPNPNTGVQFRPAQGAAPAMLFHGIGIHGTNLFSTAEHVMDPSVNVGFRFDNSKELSSIPNYVVKCASDGCGVCHKKKRIHGGSNSCSVNPFRNLAGNNSVVEMIDAAKTRLCSGQVTEVISVYRNGGSAMTEYEFFPEKGGRGTTSKTCCGSGSGSGSGGSVGGGTVALHGGDRSCVTAAITGNEEGSISSVDLSLKL,285,1
Lj0g3v0072869.1,MEEDQEDIPRSYSNGGGSGGGGGNNGRSLKKAKQRKVPQRGLGVAQLEKIRLEEQEKRDVNGTPISSSSSSTKSSYLNNFHHSSSTTTTPLPTRPP,96,1
Lj0g3v0072869.2,MEEDQEDIPRSYSNGGGSGGGGGNNGRSLKKAKQRKVPQRGLGVAQLEKIRLEEQEKRDVNGTPISSSSSSTKSSYLNNFHHSSSTTTTPLPTRPP,96,1
MDP0000236327,MESESHLPTWKFVIGEKLTRLHGGLGRRGGSYILLLHTHGMDTCRLITQLGLLTKQTQWMANAGITCLICVTKAVWCSKIVHGNEEIMLQIGQSSNPTLPRVSRYYVVLALPPPVLWERALQLDLALERDMHLSEVWVGFCKVQTLSGICVLSGVGNMATPMLLMASERNTTKQPAKTLFGSYDESKSEPAKPTKTTKKSSTKASSNTKKQPQRGLGVAQLERLRLQDWKKMTEVPQLQPQPQVLNLPPLPHHHHHQYQNPITLPDPLNSVPVQYGASRFNGPSVMNGCGGSAATTTCFYGLVGQRVGNGSGFGYAGXNNLVTNLDPRPYGVWAPDPRVQSGAVYETSRELSSMPKIQSLSSDCCDHCFKGLQKKRFNSGDYMALNGRSDKSATVSPINGSVFLGLNPETGSFGDRVGSRAAGYLGRSNLVDDQGVGVRAVHRKGGSAGGGIFMEYEFFPAADYQKSDEIKRGCTYPKLQTVGREEEEEEEEEEASDITAAATFNGYGIGAADSYHDHQHHHHPVDLSLKLSF,533,1
XP_010106831.1,MAPDETTSQEAAAAAAKPESAATKTRGRKPSNKAPNSKKQPQRGLGVAQLERLRLQEHRKKITEIPHLHPFNFLPDHFHFPAAAAEPLESVPVQYGAGGYGGAHRLMAAVQQQRMGTSAGFGCGSHYHYHQGVNNVGSSGGGHHVVMMQQPAQDQVNHMVDPQYPSYNGLRVETCSKELSSIPKTHDCFDICSFKKKRFNGDQMNGGTREILQMGGLMNFFGHGPNSCTTENVLSNSAGELSLGFGTTPQATTSSINIPQNIINHDHEGVEVVAVHRKGNPSVNGENVFMEYEFFPGKNDNITSIGSSGTTSKMMQILPKEFSSLGHGEEASYYANAITTATNSTTYGADTFNPLDLSLKL,361,1
XP_010108281.1,MAQEDQTHKCIGSNSSSSSSSKKQKEKKVPQRGLGVAQLEKIRLEEQQKKVIALSSSSFSSSSSPSLSLPNYRNFGVDSVPFPSVSAHNVGVKRPSYDDDYYHHHQLANFAYHNACEIPGNSKVPKVWNSCEYYVDKGENSPKFNPGLALNMNLPREPNPIRHHSGLLQRTQQFDQISPSMVNVQTPALLPPALSIQMEPPSNQSYYGNNALIWPEEEQMAGKKRLHAFLDHPPGPSFNLKFPTFSAQPRADGSTSCGDGSTFNPKLREAPPSYSASPSYSASIQEPNSENGIKENSAWNENLLTLSLPAITAATSLTSKFNLTFSSQAFHNYKIPDFETNPYEGIVGEPILQPGLSRPSEQLPFHSFFPPAKKQNCESTSIQFNDSNGGTDENVDLNLKL,401,1
NNU_020668-RA,MVQEEQYQRWCSNSSSGGGGSGSRSTKKLKQKKIPQRGLGVAQLEKIRLEEQQKKDAASVAVVPSSPCIVIPLPPHNPYHSQSSVPFPPPPVDLSSSSSLFRPVAPSIPISTHDLFVLPPPNPTPPPLHGLPSSPLGAEGGVFSALGDSAVTGAGDAYLQSIWNSHELSEGSKLDPGFTFRSRLQNDNTIWLPPVITHSKQPQQQHSSSSMASN,214,1
XP_009616175.1,MATSLQFTSDHQYPINLSISQQDHHQTKPSAETMNQQTGRSRRSKGGANKSLTQKKKQSQRGMGVEKLERLRLQELISSKTNPLQFPKLYGGVNQVMAPDFLLHQRVANSGSSTYGPAHVTFGDQLISGHDQFQTQMGLNGFATSKPNQLFHAVSHTEKSKELSSLPNLMSIKSSCFSDRCSSCNKKKRIINGEDMGRSNTEAGIVHMENVLGENQYFGTKPLLHPFSIPSHLEKGVEIVAIHRRGNSSLSSEGGLVMEYEFFPTEKSGRSNTTSYVENDMMMKKMMTTSSESSSVAAAVGNGEASCVTTISWVDTTTTTTPTSSIDLSLKLSF,334,1
Phvul.005G087800.1,MASEHNMFHEEEGKDEAGRSRSRSRRTNGKGPKKPPQRGLGVAQLERLRIQESWKKMSEGSSGVLPVTALHDHHQQQLFQRHPSPNLGFQFQCPQHVISGNNNIGGDWIVPNRVVGNGSYGSGPPLLVGTPLETSKELSSIPNLHSQPECFDFCLKKTRFNEDNEKGSNARRERTLEIWPNGHDFLGFMPQSSVSNLVGETSDFYDKLARHDSASAYACATPNDECVEVVAVHRRGNSTSGRVFMEYEFFPGKDGRGTTSKELEFPTTGSVAVGSGEASSITAAAYGDSASNYIDLSLKLSRX,303,1
Phvul.011G157100.1,MGEDDESSKSKNDGAGAGGSRKGAGRPCKKPKPKKVPQRGLGVAQLEKIRLEEEEKEKAAAAAATSAIGSSNNSPCDLRLQFANFPHTNHPSSPNSLPSSTVSLANSGGSEACLHGVPPQGRVGGPHLWTPHNFENENKNLRMDPKLTLASTLPSESNPISPSFNWVQRTQQQQHHHPSSSMVSASSGTSSTNVPNPLIEIPSNQNYSGCYVSKRQEERMTGIKRPSSFSLENPPLSSSNFKSLSFPSPMKVSETISCRRGREFNLDFSNSTIREIPSLEPSNSDLNSKKKKKENNNFGGDFLRLAPPIPCSNFKSTSAFQPFHNLGIIKNQVPPPSGYKQFNQQQQHWYNFIPPSSNAALIGHQQSDRFQNCNMVGRSANLDLSLKLX,389,1
PDK_30s689881g001,MVLEEEQARCSSGSRGGGKKKNKQNKIPQRGLGVAQLEKLRIEEQQKNVASSSSSASQGMSLFPSQQPILPFLTAPNDPNPMLRPVVNPDPLLGHPETISTPASYFNNTLPQVLENSIAGSGNSGNGFLPMLWNTAEPSPLNAGALPRDFGFRTPPDAEWRSSGLLRRRQQQQVSPISVVNKALPPSSSGASLQMEPPSNQSYTSNYNLSSFWPEEERLWLFMDAMRCIDCRGETSSSSICDIECKRFVDLDNSNKENGGAMDGGFLSLGLSPMSCIPKLKQATLIQPPSVLDYPEFSFVPSQGSMSDAISSSQPPFYSFLPMGPNSCEKTLNEPRREALDGVDLNLKL,349,1
Pp3c2_26200V3.1.p,MATLLMRSSEVAAVEKLTMASREQVRLQQEKVPGHFEQEGPHKVSSEGRSRGRKVKNAQKKPPQRGLGVAQLERLRLQEQSKQEAACLASIQVLPSFSFTDHNGGICVLPLKSGTVSHQQPGLSSALSFNNGRTGPSEKLHYLAEDGHQLGKVAVDGEGFQSIMSFANSDHSTAGTFARHAQGGQSIALIFSRNREIREHSYGCNSMRTVPSLSSLSSLSERPGSRGLGSCGTSAYAEGSSGKFPPCVQGCHGSPPSSTAKSSLLSNALTTGVNLVDSLASNAEQGKQRLSEMDRESVYMFQVTSNGVGDAGMVDAKLFPAVGKNGAVSLFTSNNLQCFESSSGPAKLRRLPQDRAEVPVAGVVTNCGRPKELSSFQSFSSNNTWSASEKICGQKRPWYDLNENTSKSMHSEGLDLNAPVGKVEAVQSGCYASLSQGHESTAGIHHTAGITGSGLDNTLPLLKDKACAALQENEAQNLSTTTDVDYHSVESFLKVSCPTKSKIKDCCSSVCSPCESPITRQRCLSSSEVPMLMEADHETSGDFLTLGISTRSYPISPQLGVEVNSKESMNHEDSHQVKRIKNFQDDALQLQMFNHREESAPSVTDGIHSPCTDTSFFSAVGLSCRFTSTSSSNVSEVCLKLTGREEKRDFLDLNLKLALX,660,1
Pp3c2_26200V3.2.p,MATLLMRSSEVAAVEKLTMASREQVRLQQEKVPGHFEQEGPHKVSSEGRSRGRKVKNAQKKPPQRGLGVAQLERLRLQEQSKQEAACLASIQVLPSFSFTDHNGGICVLPLKSGTVSHQQPGLSSALSFNNGRTGPSEKLHYLAEDGHQLGKVAVDGEGFQSIMSFANSDHSTAGTFARHAQGGQSIALIFSRNREIREHSYGCNSMRTVPSLSSLSSLSERPGSRGLGSCGTSAYAEGSSGKFPPCVQGCHGSPPSSTAKSSLLSNALTTGVNLVDSLASNAEQGKQRLSEMDRESVYMFQVTSNGVGDAGMVDAKLFPAVGKNGAVSLFTSNNLQCFESSSGPAKLRRLPQDRAEVPVAGVVTNCGRPKELSSFQSFSSNNTWSASEKICGQKRPWYDLNENTSKSMHSEGLDLNAPVGKVEAVQSGCYASLSQGHESTAGIHHTAGITGSGLDNTLPLLKDKACAALQENEAQNLSTTTDVDYHSVESFLKVSCPTKSKIKDCCSSVCSPCESPITRQRCLSSSEVPMLMEADHETSGDFLTLGISTRSYPISPQLGVEVNSKESMNHEDSHQVKRIKNFQDDALQLQMFNHREESAPSVTDGIHSPCTDTSFFSAVGLSCRFTSTSSSNVSEVCLKLTGREEKRDFLDLNLKLALX,660,1
Pp3c2_26200V3.3.p,MATLLMRSSEVAAVEKLTMASREQVRLQQEKVPGHFEQEGPHKVSSEGRSRGRKVKNAQKKPPQRGLGVAQLERLRLQEQSKQEAACLASIQVLPSFSFTDHNGGICVLPLKSGTVSHQQPGLSSALSFNNGRTGPSEKLHYLAEDGHQLGKVAVDGEGFQSIMSFANSDHSTAGTFARHAQGGQSIALIFSRNREIREHSYGCNSMRTVPSLSSLSSLSERPGSRGLGSCGTSAYAEGSSGKFPPCVQGCHGSPPSSTAKSSLLSNALTTGVNLVDSLASNAEQGKQRLSEMDRESVYMFQVTSNGVGDAGMVDAKLFPAVGKNGAVSLFTSNNLQCFESSSGPAKLRRLPQDRAEVPVAGVVTNCGRPKELSSFQSFSSNNTWSASEKICGQKRPWYDLNENTSKSMHSEGLDLNAPVGKVEAVQSGCYASLSQGHESTAGIHHTAGITGSGLDNTLPLLKDKACAALQENEAQNLSTTTDVDYHSVESFLKVSCPTKSKIKDCCSSVCSPCESPITRQRCLSSSEVPMLMEADHETSGDFLTLGISTRSYPISPQLGVEVNSKESMNHEDSHQVKRIKNFQDDALQLQMFNHREESAPSVTDGIHSPCTDTSFFSAVGLSCRFTSTSSSNVSEVCLKLTGREEKRDFLDLNLKLALX,660,1
CCG012376.1,MATSLSLFLMPSDDRKQESTLAISTKPAEPTRTTTTTRTRKPTANKCQTRKKQPRRGMGVAQLENLRIQERWKAITETNQIGSLNLQPTKQMHVFDPFNNNDDDNQMAQSGTTVNHGVPMRNNGVVFNGFLGWDHQGGVVVKRVDEFNANNNGGFGCQVLVNPYMVGSAPVHQAGAPAPAPAAAAVLEASKELSSIPKVMQQQKQHEPARCDLCFKMGGFSARAATSAFYAKYQNHNNNEGVEAMEAHRKGSNAMGRKVIMEYELFPGKNSKSTCFKDMEFPTAEASVAVGTGEASCVTTYSDYSASDASNSIDLSLKLSY,321,1
CCG027221.1,MATSLSLFLMPSDDRKQESTLAISTKPAEPTRTTTTTRTRKPTANKCQTRKKQPRRGMGVAQLENLRIQERWKAITETNQIGSLNLQPTKQMHVFDPFNNNDDDNQMAQSGTTVNHGVPMRNNGVVFNGFLGWDHQGGVVVKRVDEFNANNNGGFGCQVLVNPYMVGSAPVHQAGAPAPAPAAAAVLEASKELSSIPKVMQQQKQHEPARCDLCFKMGGFSARAATSAFYAKYQNHNNNEGVEAMEAHRKGSNAMGRKVIMEYELFPGKNSKSTCFKDMEFPTAEASVAVGTGEASCVTTYSDYSASDASNSIDLSLKLSY,321,1
Potri.001G409000.1,MATSLSLFLMPSDDRKQESTLAISTEPAEPTRTTTTTRTRKPAANKCQTRKKQPRRGMGVAQLENLRIQERWKAITETKQIGSLNLQPTKQLHVFDPFNNNNDDNQMAQYGTTVNHGVPMRNNGVVFNGFLGWDHQGGVVVKRVDEFNANNNGGFGCQVLVNPYMVGSAPVHQAGAPAPAPAAAVLLEASKELSSIPKVMQQQKQYEPTRCDLCFKMGGFSARAATSAFYAKYHNHNNNEGVEAMEAHRKGNNAMGSKVIMEYELFPGKNGKSTCFKDMEFPTAEASVAVGTGEASCVTTYSDYSASDASNSIDLSLKLSCX,322,1
Potri.001G414900.1,MATSLSLFLMPSDDRKQESTLAISTEPAEPTRTTTTTRTRKPAANKCQTRKKQPRRGMGVAQLENLRIQERWKAITETKQIGSLNLQPTKQLHVFDPFNNNNDDNQMAQYGTTVNHGVPMRNNGVVFNGFLGWDHQGGVVVKRVDEFNANNNGGFGCQVLVNPYMVGSAPVHQAGAPAPAPAAAVLLEASKELSSIPKVMQQQKQYEPTRCDLCFKMGGFSARAATSAFYAKYHNHNNNEGVEAMEAHRKGNNAMGRKVIMEYELFPGKNGKSTCFKDMEFPTAEASVAVGTGEASCVTTYSDYSASDASNSIDLSLKLSCX,322,1
Potri.011G125600.1,MATPLSLFLMPNNDNKQEPTQTMAISTKPAEPARRSTATNQSKRPTTSKCQTRKKQCQRGMGVAQLESLRIQERWKAITEANQNIGALNLQPTQQLHDHYPSNYNTDNNNQMLQYGTTVNRGVPMSSNGGVFNGFLGWDHQGGVVVKRVDGFNVNNNDGFGSGQVFVNPYLVGSVPVHQVGAPAPVFEASKELSSIPKVMQHQQYEPSRCDLCFKMGGFSARAARSAPYANHNHNNNEGTSEVMAVHRKGNNPLGRNVIMEYEFFPGKNGENTCFKEMEFPPPEASVAVGTGEAFCVTTYSDYSGYSASNASNSIDLSLKLSYX,324,1
Potri.T024300.1,MATPLSLFLMPNNDNKQEPTQTMAISTKPAEPARRSTATNQSKRPTTSKCQTRKKQCQRGMGVAQLESLRIQERWKAITEANQNIGALNLQPTQQLHDHYPSNYNTDNNNQMLQYGTTVNRGVPMSSNGGVFNGFLGWDHQGGVVVKRVDGFNVNNNDGFGSGQVFVNPYLVGSVPVHQVGAPAPVFEASKELSSIPKVMQHQQYEPSRCDLCFKMGGFSARAARSAPYANHNHNNNEGTSEVMAVHRKGNNPLGRNVIMEYEFFPGKNGENTCFKEMEFPPPEASVAVGTGEAFCVTTYSDYSGYSASNASNSIDLSLKLSYX,324,1
XP_008226456.1,MAQEDQTQKCSNTSSGASLGFASITRSSSKKTKQKKVPQRGLGVAQLEKIRLEDQQKKAAAAVILSTPSSLSSPTKSTSSSCPSVPIRHFYHSNHNQPPSSIPFPSLPSLDLPSPNSIFRPPLIPTQNIDVIRKPISTVPWGNNNNNNGGHGFEIQGHGNNNVPNLWNPCDFNLDQKESSNSGIDPGLAFRSTLNLPFESNNPIWPLTNVPQRTQPYHQQPPPPPSMVNVSSTTSSSSVLNFQIEPPSNQSYYSNCTPMWPDEEKMVGMKRPYPFSLDNPPGPSINFKFPTFVAPMRADEASSCGNRCTYNLEPSGNPIFREAPSCSTSISESNSRNSIKENGSVNGDFLTLAPPTTSSRTCPSPKLNLPSTYLAFHNREVPEFESFSYQGNAEDTNFQPGPSCSHPQQAFYSFFPPAKAQIGRAVTTINNNCNGELGESVDLNLKL,447,1
Prupe.4G171200.1.p,MAQEDQTQKCSNTSSGASLGFASITRSSSKKTKQKKVPQRGLGVAQLEKIRLEDQQKKAAAAVILSTPSSLSSPTKSTSSSCPSVPIRHFYHSNHNQPPSSIPFPSLPSLDLPSPNSIFRPPLIPTQNIDVIRKPISTVPLGNNNNNNGGHGFEIQGHGNNNVPNLWNPCDFNLDQKESSNSGIDPGLAFRSTLNLPFESNNPIWPLTNVPQRTQPYHQQPPPPPPSMVNVSSATSSSSVLNFQIEPPSNQSYYSNYTPMWPDEEKMVGMKRPYPFSLDNPPGPSINFKFPTFVAPMRADEASSCGNRYTFNLEPSGNPIFREAPSCSTSISESNSRNSIKENGSVNGDFLTLAPPTTSSRTCPSPKLNLPSTYLAFHNREVPEFESFSYQGNAEDTNFQPGPSFSHPQQAFYSFFPPAKAQIGRAATTINNNCNGELGESVDLNLKLX,449,1
Prupe.4G192500.1.p,MATPMLLMASEQSTTQEPTKTLVGFYEESKPESTKSTKGTKKSGKASNSKKQPQRGLGVAQLERLRLQDRWKKMTELPQLQPQPQVVNLPDHHQYQNFQHQNPTRTLPGPLASVPVQYGASSYNGPLLIKGSGGNGLFGFVGQRFGNGSGFGYAGGNNLVVDLNPSPYAIGAPERFEVGAVYETSKELSSIPKVQPLSSDCCDICCKKQKKRLNSRNYMGLNGRSGKSEASLPINCSGFLRLNPEAGGGQVVGRSTAHSGYRNDDQGVEVRAVHRKGSSAGGGIFMEYDFFPAAGGKSSEMRGGTCPKEPEMWQTAEASVSVGSHEEPSDITASSYGYGIGADSYHNPVDLSLKLSFX,358,1
Pbr021174.1,MATPMLLMASERNTTKQPAKTLFGSYDESKSEPTKPTKTTKKSSTKASSNTKKQPQRGLGVAQLERLRLQDWKKMTEVPQLQPQPQVLNLPPLPHHHHHHQYQNPINLPDPLNSVPVQYGASRFNGPSVMNGCGGSAASTTCFYGLVGQRVGNGSGFGYAGGNNLVTNLDPSPYGVGAPDPRVQSGAVYETSRELSSMPKIQSLSSDCCDHCLKGIQKKRFISGDYMALNGWSDKSATVSPINGSDFLGLNPETGSFGDRVVSRAARYLGRSNLVDDQGVGVRAVHRKGGSAGGGIFMEYEFFPAADHQKSDEIKRGGTYPKLQTVGREEEEEASDISPAATFKGYGIGAADSYHDHQQHHNPVDLSLKLSFX,373,1
Pbr021197.1,MATPMLLMASERNTTKQPAKTLFGSYDESKSEPTKPTKTTKKSSTKASSNTKKQPQRGLGVAQLERLRLQDWKKMTEVPQLQPQPQVLNLPPLPHHHHHHQYQNPINLPDPLNSVPVQYGASRFNGPSVMNGCGGSAASTTCFYGLVGQRVGNGSGFGYAGGNNLVTNLDPSPYGVGAPDPRVQSGAVYETSRELSSMPKIQSLSSDCCDHCLKGIQKKRFISGDYMALNGWSDKSATVSPINGSDFLGLNPETGSFGDRVVSRAARYLGRSNLVDDQGVGVRAVHRKGGSAGGGIFMEYEFFPAADHQKSDEIKRGGTYPKLQTVGREEEEEASDISPAATFKGYGIGAADSYHDHQQHHNPVDLSLKLSFX,373,1
Pbr025857.1,MAHEEEQTQNTSTEIIGLGSNNIISSRSSSKKTKQKKVPQRGLGVAQLEKIRLEEQQKKAAAAAILSTTPPSSLPSPTKSSSYSCTSSVPIRHFYQPPSSIPFPSLDLPSPNSIFHPQFIPSAHSGVDGRKPMISSGTVPFGVGNNNNNNNINGGGNGNHVPNLWNPCEFNILDQKVSCNPGLDPGLAFRSTMNLPFESSNNNSLWPLSNFPTRTQQFHHQQPPPPPPPPPPPPSMVNLSTANSSSVLNLQIEPPSNQSYYSNCTPMWPDEEKMVGMKRPYPFSLENPPIPSIKLPTFVAPPIRADEATSCGNRSAFNFDPAIKTNFREGPSCSTSISESNSRSSIKENGSVNGDFLTLAPPSTSWTCPSPKLNLPPSYLAFHNREIPDFESFHYQGNNADDTIYQPGPSVPNPQQAFYSFFPLAKAQNGRAATTLNNNCNGEVGESVDLNLKLX,455,1
Pbr038239.1,MAHEEEQTQNTSNGIIGLGSNNIISSRSSSKKTKQKKVPQRGLGVAQLEKIRLEEQQKKAAAAAILSTTPPSSLSSPTKSTSSSCPSSVPIRHFYQPPSSIPFPSLDLPSPNSIFQPPLIPPAHSGVDGRKLMISSGTVPFGMRNSYNNNNINGCGNGNHVPHLWNPCEFNVLDHKESSNPGLDPGLAFRSNLNVPFESNNNNPIWAISNFSTRTHQFHQQHPPPPLPPPPSPPPPSMVNVSTATSTSSVLNFQIEPPSNQSYYSNYAPMWPDEEKMVGMKRPYPFSLENPSVSFINFKFPTFVAPPVRTDEGTSCGNSSPFNFDPAINPNFREGPSCSNSISESNSRSSIKENGSVNGDFLTLGPPSTSWTCPSPKLKLPPSYLAFHNREVPDFESFPYQGNNADDTYYQPGPSIPNPQQAFYSFFPPAKSQSGRAATTLNNNCNGEVGESVDLNLRLX,460,1
RrC1313_p5,MATSLSFMSTDQNSSLSFMSTNQNPVRNPNELLGNTYQLVNGEIRTEPPKKSRGRKPGSKTGQQNLKKPTLRGMGVAKLERFIAEEEKKKMVVTGGEGGGGGGDTSAAASPNSATRFPDRGVVLQGFPSYGGGPTNTSLGGYSRSRFLCGGAGSGQIVIDPVCPPWGFVETTTHELSSIPNPQMYNASNNHCDTCFKKKRLDGDQNVVRSNGGGFSKYTMMIPHPPMNGYDELLPPDQRSQGFFYDQRIARSASASFNPYFNEATNLTGSREEFGCVNPRNGTRGVKEYEFFPGKYDDFQGKSFPVATSVGECSPNASNIDLSLKL,326,1
RrC235_p10,MATPLFFTPTDQNPNELMRNTYLVNDSSESLTEPPQKSSGGEPGSKTGEPKRKKPALRGMGVARLERLRIEEEKKNMIEAQGGGDTLAASPNATPSPDPGVVLQGFPSYGTGGPNTRSMFLGGGVGSGQIPVYPPWGFVDPSSIPDPQVYNPSNNHCDVCFKKQRINEDQHVVRSNGGGFSEYTVFPHLLPPDQRSQGFFYDHRIARYSAPPYAPTNQWRNFGAENPRNETGDVKEYDFFPVSSVSTSVGDCPNTSTIDLTLKL,264,1
Rsa1.0_00121.1_g00037.1,MATSLSFMSTDQNSSLSFMSTNQNPVRNPNELLGNTYQLVNGEIRTEPPKKSRGRKPGSKTGQQNLKKPTLRGMGVAKLERFIAEEEKKKMVVTGGEGGGGGDTSAASPNSATRFPDRGVVLQGFPSYGGGPTNTSLGGYSRSRFLCGGAGSGQIVIDPVCSPWGFVETTTHELSSIPNPQMYNASSNNHCDTCFKKKRLDGDQNVVRSNGGGFSKYTMMIPHPPMNGYDELLPPDQRSQGFFYDQRIARSASASFNPYFNEATNLTGSREEFGCVNPRNGTRGVKEYEFFPGKYDDFQGKSFPVATSVGECSPNASTIDLSLKL,325,1
Rsa1.0_02349.1_g00006.1,MVTPLFFTPTNQNPNELMRNTYLVNDSSESLTEPPQKSSGGEPGSKTGEPKRKKPALRGMGVARLERLRIEEEKKNMIEAQGGGDTLAASPNATPSPDPGVVLQGFPSYGTGGPNTRSMFLGGGVGSGQIPVYPPLGFVEPSSIPNPQVYNPSNNHCDVCFKKQRINEDQNVVRSNGGGFSEYTVFPHLLPPDQRNQGFFYDHRIARYSAPPSAPTNQGSMEELWSGNPRNETGDVKEYDFFPVSSVSTSVGDCSPNTSTIDLTLKL,267,1
SapurV1A.0840s0030.1.p,MATSLSLFLMPSDDKKQEPTMAISTKPAEPTRTTTTRTRKPTTTNKCQTRKKQPRRGMGVAQLENLRIQERWKAITETNQIGSLNLQPAQQMHVFDPFNNNENQMVQYGTTVNYGVPMRSNGVVFNGFLGWDHQDGVAVKRVDEFNANNYNGGFGSGQVLVNPYMVGSSPVHQAGAPAAAVREASKELSSIPKVMQKQKQYDPTCLKMGGFSARAARSTAPYANHNHNNNEGVEAMAVPRKGNNAMGRKVIMEYEFFPGKNGKNTCFKDMESPTAEASVAVGTGEASCVTTYSDYSSYRASDASNSIDLSLKLSFX,316,1
SMil_00012800-RA_Salv,MAQEEQHIVSSTHSGDRSRNVKQKKIPQRGLGVAQLEKIRVEEQRKKETANALPNNAIASATDATLSPSPVNFRSPSLPVQMNGSVEDAASWCRLWNGDYNHRNDSTAEFRPPVNLQSESNAALPQRFFRFQRPASPVVNTSSPSASSHMEPPSNQNMHNIHCNSYASSSSSWPEEYKMVGVKRSYPFSLESPPAGSFNGHFDPSSVASKSRRDELPSCGSGYAAVAARTEPRNVYMRDGPSNLPEDDGRLNGNFLTLAPPPWNSKHTYATDNPESQGPEENETRQVHHWIASRSREEPFSFFPVRADESDEEKGETIDLNLKL,324,1
SMil_00027462-RA_Salv,MAQEEQHIVSSTHSGDRSRNVKQKKIPQRGLGVAQLEKIRVEEQRKKETANALPNNAIASATDATLSPSPVNFRSPSLPVQMNGSVEDAASWCRLWNGDYNHRNDNTAEFRPPVNLQSESNAALPQRFFRFQRPASPVVNTSSPSASSHMEPPSNQNMHNIHCNSYASSSSSWPEEYKACKRSYPFSLESPPAGSFNGHFDPSSVASKSRRDELPHVAVDGPSNLPEDDGRLNGNFLTLAPPPWNSKHTYATDNPESQGPEENETRQVHHWIASRSREEPFSFFPVRADESDEEKGETIDLNLKL,305,1
410500,MAVPSDHQHRRSKKSKNGQKKQPQRGLGVAQLERLRIQEESKKAMLASSSFAAAGSCFQAQQGRVSALCLSAPHNPPLHLHHISPAQQGSGGGAAAAGRSSSSASPCSSQHNSKPDHVFDESDESSRGAAAAAAPPFVFLGSSSSCSSEANHRSTTIPLMIQPGSSSNNIVKDNLPESSEMFDPLFRTRARRVYGDGRDWPGIHTHGIPAIKELSSFQIPGNTIPALSSPNKACWTGARDGVADLGSGYSGSVDKGSSVKMIATASSSPRSLSAASSWARSEVCFSFEQQLKDSCSSSLKNAATITNSSTNLEATSSTKPASCDFLTLALAAPDPRPQFHKRPSSGLPDLKPDDDESSKFAVTTPQEASGETDDHWLLKNHHQLARKSIKLQHFGTPSMAPASPFMLDLSLKVPSIEESSLELKLALX,428,1
411605,MAVPSDHQHRRSKKSKNGQKKQPQRGLGVAQLERLRIQEESKKAMLASSSFAAAGSCFQAQQGRVSALCLSAPHNPPLHLHHISPAQQGSGGGAAAAYRPSNLPFLASLGTSASSRQHHKASLDPNLANISQHSVIHQLDHALMAKIHGQASADSSSCKSGISSDVSAAATVAASHHLFGRRSGRSSSSPSPCSSQHNSKPDHVFDESDESSRGAAAAAAPPFVFLGSSSSCSSEANHRNTTIPLMIQPGSSSNNIIKDNLPESSEMFDPLFRTRARRVYGDGRDWPGIHTHGIPAIKELSSFQIPGNTIPALSSPNKACWTGARDGVADLGSGYSGSVDKGSSVKMIATASSSPRSLSAASSWARSEVCFSFEQQLKDSCSSSLKNAATITNSSTNLEATSSTKPASCDFLTLALAAPDPRPQFHKRPSSGLPDLKPDDDESSKFAVTTPQEASGETDDHWLLKNHHQLARKSIKLQHFGTPSMVPASPFMLDLSLKVPSIEESSLELKLALX,514,1
XP_011095776.1,MPTSLLMAANDHQPTNPPPPQDHDHDHHPVRRSSGRRKPRGCDGSSAGSSQKKKQPQRGMGVEKLERLRMQERWKKMTEINTKNQGFTAPSFPDPALINASSVPVQLSKLGGFAAPGVPQMGLSQNQSYLGFHGQMGVGGLASDQPHYQTDLFGIGCLNNSGFVGKNVSGISKELSSTPNAVNCYSEHCNACHKKKKVNGANWGGGRAVRSDMYTQMCNVGDCGFLGLNVGDNQNIINQENHQGLGTKTPSVPHQVGNGKQGVEVVAVHMKGSGSGGWEGGNQVLMEYEFFPSAGAGKGGDEVVQQEGGSSSEASSGWMAGFDHASINCIDLSLKLSY,338,1
XP_011098254.1,MAQEEHFFGCSYSGGGGSGGGGNGGGGGGGSGCGGGVSSSRSKTAKQKKVPQRGLGVAQLEKIRLEEQQKKESLQVANILAKNSVGSSSDNAQFLAVQCSKFRPGLSPLHKSDPNLEILHENSVQIPKNLNAGGGEIGVEAISSPGHENRPIWWNGEYNLPGEKQRLGTHGFAFEPQVSLPYQSNSPFLPLPVVPQRSQQFQWPCSSSSSVMNSSTGISASSILSSQMEPPSNQSSRGNNYVPSWSEEEKMVGMKRSYPFLVESQPSRSLHCNFHPSYAASLSRSDEFDSCSNGYKAHMEPRNKCVRESSSNSSPQPEQNPSEVTRDKGMLNGDFLTLAPPVVVSQPSNSEHKNTLDYSGYKRPELYPYERIPSQDYAKSQIRHPGPSGLVERAVSFLPITLQIDQTTTSVSNGNGEKTETIDHSLKL,428,1
676743190,MATSLFFMPTDQTSVRNPNELLRNTYLVNGSGEIRTEPPKKSRGRKPGSKTGQPNQKKQALRGMGVAKLERAIAEEEKKKMVVAGGGGGGDTPVASPNATHSPVLPDPGVVLQGFPSYGGGLNMSVGGYSRSRFLCGGVGSGQIMIDPVCSPWGFVETSAHELSSIPNPQMYNASNHRCDTCFKKKRLDGDQNVVRSNGSGGFSSYTMMISPPMNGYDHFLPPDQKNQGFFYDHRIARSAAPASASINPYFNEATNHTGSMEEFGRGNPKNGTRGVKEYEFFPGKYDNFQGKSFPVATSSVGDCSPNTPTIDLSLKL,317,1
Solyc07g063670.2.1,MATSLQFSSDHHPIPQENHQTTNQTSTGGRRRSSKNGQKKKKQPQRGMGVEQLERLRVQDQMKNSTIHGVHHNHQYYSNNNFPKLTPVSSFTGGGSASADPGNYSNSILNSSPVLQFPKLCAVSPNDFFMQQKVVNTGFIGSSSTNQLMISSHDHHQFQSQMNLYGFATSKPSTEKSKELYPMPNLFSSNNSCFSDRCRSCNKKKRMINGEEISVHMEDMIREKEDSGTKPLLHSYSLPSHQQKGVEIVAIHRKGSSSALSSDEGAVMMEYDFFPEKISSKSTNTYKSCFENEATMMSAYNSPESSSFAAAAAAAGNIINGEASSVTTISWAADTTTTSPTSSIDLSLKLSCX,353,1
Sopen07g031850.1,MATSLQFSSDHHPIPQENHQTMNQTSTGGRRRSSKNGQKKKKQPQRGMGVEQLERLRVQDQIKNSTIHGVHHNHQYYSNNNFPDLTPLSSFTGGGSASADPGNYSNSILNSSPVLQFPKLCAVSPNDFFMQQKVVNTGFIGSSSTNQLMISSHDHHQFQSQMNLYGFATSKPSTEKSKELYPMPNLFSSNNSCFSDRCRSCNKKKRMINGEEISIHMEDMIREKEDSGTKPLLHSYSLPSHQQKGVEIVAIHRKGSSSALSSDEGAVMMEYDFFPEKISSKSTNTYKSCFEKEATMMSAYNSPESSSFAAAAAAGNIINGEASSVTTISWAADTTTTTPTSSIDLSLKLSC,351,1
Sopim07g063670.0.1,MATSLQFSSDHHPIPQENHQTTNQTSTGGRRRSSKNGQKKKKQPQRGMGVEQLERLRVQDQMKNSTIHGVHHNHQYYSNNNFPKLTPVSSFTGGGSASADPGNYSNSILNSSPVLQFPKLCAVSPNDFFMQQKVVNTGFIGSSSTNQLMISSHDHHQFQSQMNLYGFATSKPSTEKSKELYPMPNLFSSNNSCFSDRCRSCNKKKRMINGEEISVHMEDMIREKEDSGTKPLLHSYSLPSHQQKGVEIVAIHRKGSSSALSSDEGAVMMEYDFFPEKISSKSTNTYKSCFENEATMMSAYNSPESSSFAAAAAAAGNIINGEASSVTTISWAADTTTTSPTSSIDLSLKLSCX,353,1
Sp_208080_qirn.t1,MATPLHFISSNDPNTPSTNTTNIWPLINQTQSNHYPNLRPVPNSNPNPNPTPKPRGRKGSGKSQNGKQNKVPLRGVGMAELERLRALDEQQSRSIPTPPTTTTTSSYNHNTTTHPLTDPRVNPSFHHSTPLSGVPVIRYCLPGQPITDQRITHRVGIPESASAPYYPELPSMPNPFQLDHHSSLTSFKKKRVIGEEAVGFSKGYNGNFGGFDPKNGDNYNHYLALNHGGFSSNHTINNGSEVVAIHRKWNGSGNVMMEYGFFPGKSEENTMKFDNDNNSNNYYHKMEDLNLKMGFFSDSSSASPSPSPSQSPSSSLSSLTTATTTTTSNTSVDLSLKLSTY,341,1
XP_010520887.1,MATSLFFMATDQNPAANPQALLPRNTHLVGTGEIRSEPPRSRGRKPGSKAAQNQKKIRQRGMGVAQLERLREQEEKKMADASSTIPNPNTRFPIPDPVVIGSFPVLQGLPSYGGPTICPVVGPSGSGSGPVVPKINRSFTRFAGFCCGTESGQIPVDPPPVYSPETWGFIETSKELSSMPNPHVYNCSDRCEVCFKKKRYDGDGIRSNGGGICRYGMISPVNGHDTPVFVQERNIPISGYDHRNGYLARTVTAPPGPLNCSNPCSNYEGSMEMLGSYMRGNPRNGGPAPIIKEYEFFPGKHETFSGKHETFPGKYGQRAYPKEMEAPVVSVGDCSTNTSAIDLSLKL,347,1
XP_010533509.1,MATPLFFMAADQNPAAKPPGVLLPLNTHVVGTGEIRSEPPRSRGRKPGSKAALNQKKIRQRGMGVAQLERLREQEEKKMADTSSSTMSNPNTRLPVLDPVVFGSFPVLQGLPSCGGPAICPVPVVPKITGSFSRFAGFCCGTGSGQILIDPAPVYSSETWGFAETSKELSSMPKPHLYNCSDRCEVCFKKKRHGGISKYGMISPMNGHDAPVFVQERNIPRIGYDHSDGYLARATLPPGSLNCSNPCVNEGSMEMLGSYVRGNPRNGGHIPPKEYEFFPGKYENFSGKYGQMAYTREMEAPEISVSDCITDTSAIDLSLKL,321,1
XP_010533510.1,MATPLFFMAADQNPAAKPPGVLLPLNTHVVGTGEIRSEPPRSRGRKPGSKAALNQKKIRQRGMGVAQLERLREQEEKKMADTSSSTMSNPNTRLPVLDPVVFGSFPVLQGLPSCGGPAICPVPVVPKITGSFSRFAGFCCGTGSGQILIDPAPVYSSETWGFAETSKELSSMPKPHLYNCSDRCEKKRHGGISKYGMISPMNGHDAPVFVQERNIPRIGYDHSDGYLARATLPPGSLNCSNPCVNEGSMEMLGSYVRGNPRNGGHIPPKEYEFFPGKYENFSGKYGQMAYTREMEAPEISVSDCITDTSAIDLSLKL,317,1
Tp7g25250,MATSLFFMSTDQNSVGNPNELQRNTHLIAVSGEIRTEPQPHKTRGRKPGSKTGQQKQKKQRQRGMGVAQLERVIAEEEKKKMVVVSGGGGGGGDVSPASPNATRVPILPDPGVVLQGFPSYGGGPNTSVGVCTRSRFLCGGVGSGQIMIDPVYSPWGFVETSTHELSSIPNPQMYNASNNRCDTCFKKKRIDGDQNVVRSNGGGFSKYTMIPPPMNSYNHLRPSDQRSQGLFYDHRVARYSAPPSASTNLYFDEATNHTGSMEEFGSGNPRNGTEGVKEYEFFPGKYDNFSGKYGKSVSVATSVGDCSPNTSTIDLSLKL,320,1
Thecc1EG031289t1,MATSLTLLTPNTNNPTAKALEDEARPAVGFVKSNKGRKPTGKGPYQKKQPQRGMGVAQLERLRLQEKWKKMTEATTTTITTPTTQFPSDPIGTTNIPVLHGVANYGVPMMINGGNGGLLGWGDTAGLVMQRAVGNGGFGGLNGQVLVGAPGSVQVACGAGVVEASKELSSMPKLQHCKPDRCDVCFKKKRCNGDNVRFNGGFNQFGQILPNKGDHFLGWNQENNQNINEEINGFSARAARSAAAYAGHMNINETVEVVAIHRKGSSMGTGSVLMEYEFFPGKSSRSTSSKEWELPAEASVAVGGEASYANASNCVDLSLKLSYX,324,1
Thecc1EG031704t2,MAQEDQSQRCSNSNTSSGGGFGNSVGRSSKKQKPKKVPQRGLGVAQLEKIRLEEQQKKDAAVAAAAGILPSPSSSVISQPTHHKSSSYLSLPIPSNFHPSNQSSYSSSSSSIPFPADLSPPNLIFRPPLSVQNADVVSANTVPLTTGSSPGWHPGAGVVLPGNGSVNSGHKLWSSREYSIEKECSGLDPGLAFRTNLSLPYESEPIWPPPSLMQRAQPFQQPSSSMVNLSSRTSSTSVLNYQMEPPSNQSYYGNCTPLLPEEEKMVGMKRSYPFSLDNAPGPPLHGKYPPIVHPINGHVEAASSSNGSTFNFEPGTPNFRFDLNFFHLLYVMKIGVX,337,1
GSVIVT01014468001,MATGTSIFLYKYQINSTFLSIQNPQEALATSLLLMASTEPTMPNRSSTSRARKTASAQKKQPQRGMGVAQLERLRVEEWKKMTGITHLQPMSLPGHFRYQIPYQFAEPPPAPASGPVQPGLGSPGWVPRFGGGGFHGFSGGGGFRVVDPYRNDGAVGALTEASRELSSMPKMDCVFDRCDVCFKKKRMNADNLGFSGGREKYAETPPINSFDFLGLDMANDENRDLSRRRSPMTATYACYNHSEVNHX,248,1
XP_015897234.1,MATPLILMATHEQNTARDQSTTNKVHLGSEEPKPETSKTRARKSGKGSNPKKQPQRGLGVAQLERLRMEERLKKMSEIAQLQQQQQPLNLLDQYNFQKVSDPLGSVPVQYGGGGPGPVVINGSYNGTGTGTGLYGFERGGGLAVQRIGNGGFGCGSSGSGFNVSGTRINPILVEPNPYGIVGAPDQREKVGANLYETSKELSSMPKMHTSSAVVFSDRCDVCCKKKRFNGESSIVVHGGKEKCSKELPMGGTNIFLGLNSESISPLIGETFGLGAGASLRSTGYYSGRNIDHEGVEVLAIHRKGNLYAESGGGVLMEYEFFPAGKEEYEYGSTFPKDTEILPLEASVPVNGSKASNHVDLSLKLSY,366,1
XP_015899172.1,MAQDDQTQKCSSSSGGGGGIGSIGRSSSKKPKQKKVPQRGLGVAQLEKIRLEEQQKKDAAVVAAAAILSSPSSLSPTKSSYISLPIPHYHHHSHQSSSSIQFSSLPSVDNSLFRPPLLPAQNIDVRKPNNVPFTNQVANNDGFEIPGHANVPKLWNPREYSLEKEISSGLDPGFAHRSTLNLPYEPITVWPLNASVRRAQQHYQPPSMVNVPLSTSSSSSSSSVLSYQMEPPSNQSYNGNFTHMWPEEEKIVGMKRPYPFSLDNPPGPPFSIKFPAFVAPMRVDEPASCRNGGSFNLETSNPKLREGPSCSTSILESYSKNSIQENGAFSGDFLTLSLPTWTSQSPKFNLPSGHLSFHNCEIPNFATHPFQGSVNDPKTKFQPEPSVPTEQQRFYSFFPPATPQIGQAETTMHNCHGEVRENVDLNLKL,429,1
Neem_905_f_2,MNNNMSNNDLTNHMDSSWLGFSLSNNNITLQSSSSDSSHLCLIEAFTSTATAPTSSGNVVDAPREEDATAITGATDLSIFTGSPKLEDFLGGSCATGTTAPPQQQQQQLPQFSTGTTPLTASTNTHEIYDSELKTIAASFLRGFSTEQIETQKQQPLVPLVAAEQPTPKKSVDTFGQRTSIYRGVTRHRWTGRYEAHLWDNSCRREGQSRKGRQALKYWGPTTTTNFPVSNYEKELEDMKNMTRQEFVASLRRKSSGFSRGASIYRGVTRHHQHGRWQARIGRVAGNKDLYLGTFSTQEEAAEAYDIAAIKFRGLNAVTNFDMSRYDVKSIANSNLPIGGIAGKSKNSSESASDSKSIDGSRSDDRDISSASSLAFASHPATSTLSFGLPIKQDPSDYWSNIFGYQNSSTTINNSKNLNITTPTLFHQLSGTNGSTTFQNPPSFHMDFSANSSVNESNNGLFNVGNYVHQQQHSGVSTSTTATATTTTPAPTTSSIPFATPIALNSTSGTNYESSSGYGNWISPTLHSFQSAKPNLSVFQTPIFGME,547,0
Migut.F01752.1.p,MINVMHSVVNQLEKSLNPQLWHACAGGMAQTPPLNSGVYYFPQGHAEHAAGNLDSGEFSKIPPLVLCRVLSVKYLADAESDEVFAKIKLVPLGANDEFDSNFDKSGVNEVSISKSNSFAKTLTQSDANNGGGFSVPRHIYRGTPRRHLLTTGWSNFVSRKRLVAGDSVVFLRAENGELCIGVRRAKTGLGVGAEVAAYGWNSGGRDFLGVGERGESVIEAVDLASCGRPFEVVYYPRASTPEFVVRASVVRDAMRVRWCGGMRFKMAFETEDSSRISWFMGTISSVRVDDPIRWPNSPWRLLQVAWDEPDLLQNVKRVSPWLVELVSNIPAIHLSPLSVPRKRPRLPELSGYPVSMPTFFSNNPLSPLCCFSDNNISYSGIQGARHARILLPSSNFHYNKPQPFDFKPLVDYTSPSQKTENFEESNEAKKSPLFLLFGQPILTEEQIIASNLSDENRENVGDVSNGSVSGVIQNFPLEASSDGEFSRFEEQKLELGVETTHCKVFTEPEDVGRTLDLSILTSYEELYGKSESVFCMERSETSNNVVCSDSSGTTKHTGDECRVDX,565,0
SapurV1A.0271s0180.1.p,MAKNNNQVTETSMHDDGGGAMFKPADMRVLAIDANVVCLKYLVAILQKCQYRVTSTTLAAEALKILRENKNDYHIVITDVKRLDMDGFKLLEIIGLEMDLPVIMVSAEDSRSSIMKGIRHGARDYLLKPVRIQEMQNIWQHVLRKRLSDSSDKSSSFIEEMIEQESVPSIEPEEVVTRAKEKEIIGSPNCDTCSVKKPRVTWSSELHVKFVDCVKKLEASGERVHPKRIREMMNVEGLSRENIASHLQKYRNMLKKHKDKMNQKDNAGSDLNMYGRISATQNGLWSTSEDSTPKSQSLDTSFTDLKRFFFQPSKHNVFQENSLSSNITTGNSLPMPEFKGLNFSACSSSWKSPNEYMGSQSFGQDPGLCNLSPLLCSPAASFKLSFPVLGHNLIDTSPASVLSTPNYFPGQYGEGISMNLCGGGTSNFREHDSHCAYGDQKSLLLEFMNNEEAKLFMDEEISDMVNQFNSDVNPRLX,477,0
Manes.17G096200.2.p,MPRPYFHKLILSNTIRDKKLRIPDNFVKKFGNDLSAFGRLSVPGGPVWPVGLIKADDKFWFHEGWQEFMERYSIRVGYFLVFRYEGHAVFTVHIFNLSASEINYQSNALSGRRFLAFEEMGDDDFVEYLSSSSPYLLPNSLKRNVLLSKGDSISQVTNQATRDVGVQFNAIEMKNYADDVKFYVPDGEIQKPKKQGRKKRKIDPNEQQPPASQEDEAEMRFRFYESASARKRTVTAEERERAINAAKAFEPINPFCRVVLRPSYLYRGCIMDSLNSSCVMGNSGLSDAFIGEVELNX,297,0
DCAR_004706,MKGEHGDVDEVMEAFGEEIWRGSEESSIFCDVFPALPDFPCMSSTSSSSSNPALNRQFVSSSASSGCSASSSAVVKSDGNLRSVKYEVDVSPSALSSTDCMGVMEEFGYMDLIEDGNEGWDPSSIFRNDDETNVGEELIDQGGFKEEERVEEEMGLDELGVMFFEWLKTNKEHISAEDMKNIRFKKSTIECAYKRMGSSKEGKKQLLKLILEWVEQYQLQKKRSREAAEAAAEAASSHQVPCLYQEPNPNPNPNSNFVNFMPTPGANACMWIPIPQSSSIDPPAVVPSGPAPPAVAYYQPYPFVGGANVGPVNCQPYPPQMPQPEYQMLESPQLWPRSQFVLAPQYNSFPDQNGNFVPIAPHPVAPVYGEQYPSQVYNGSNSDRVVRLAPSATKEARQKRMARKRWGSFHRNQPHQNQIQKTDSPEQISEKKLGAENFTNSINGQSSPVNWLYWPAVGPPKLAQPPMAAQSQQPDQYQQGYPTFLPVKAQSNRRPAQQQQKKQGFKGEKNLKFLLQKVLKQSDVGCLGRIVLPKREAETQLPQLEDRDGIQIVMEDIGTSKVWNLRYRYWPNNKSRMYVLENTGEFVKENGLQEGDFIVIYSDIKCGKYLIRGVKVRQPVKGKLEAKVTRKHHSNSGAGTDIPQNHSNSGAGTDIPPYTPSNX,663,0
evm_27.model.AmTr_v1.0_scaffold00077.154,MGMNSYEELRNQRLQENLKRFKDLGLQSVSLDLSEASKSETKTIQRTVKPRSKGSDEEFMILRRSSRASKNPVPVYHEVGTILPRYRMRFARKSSRGGDIRYASDEERIYAFKKAEKLQSNLKSGHPSFVKPMVRSHVSSCFWLGLPSKFCRGHLPRKDSTMILEDGDGLEFETNYIASREGLSGGWKGFAVDHKLDDGDALVFELIEPTKFKVYIIKVSEYNNEEKEKPTGSTKKTKCESRKKYNWTDNDNVYSFETEVTRETQSAQRAERAAKRRCATSLQKIIPX,288,0
Glyma.05G201900.6.p,MDDGRQHENGRHKMEYYRGAHSLWNTDSQHQVKEPNALVMNKKIRSIMAERQAAILEIELEAAISEKNEALAARDAAIRQRDEALAQRDNALLERDNALAALQSRNNSVNFPFGGGIQCGSKRMHHSSNHLSNMTEAAYNTKDMIIRDASPVTVIPSEAVNSHQSKRSKENKVINSKASKPPCKVKKMGEDLNRQASSEGTKIRSEWDRQDVGVNLVAFDETIMLVPVCTCTGVPRQCYKWGNGGWQSSCCTTTLSMYPLPQLPNKRHARIGGRKMSGSVFTRLLSRLVSEGHDLSIPLDLKEYWARHGTNRYITIKX,318,0
Ciclev10001978m,MTSDGATSTSAARRKPTWRERENNRRRERRRRAIAAKIYTGLRAQGNYNLPKHCDNNEVLKALCAEAGWVVEEDGTTYRKGTRPPPIDIASTSARVTPYSSQNPSPLSSSFPSPVPSYPTSPTRGDANNPSSLLPFLRNAIPSSLPPLRISNSAPVTPPLSSPTKSKPIPNWESMAKESMSALNYPFYAISAPASPIHRQLYAPAATIHECDESDTSTVDSGHWISFKKFAPSASGVPTSPTFNLVRHVAQPSFANEALKEKGRGSEFQFESAPVKPWEGEKIHDVGMEDLDLSLGIGKAQSX,303,0
XP_011097689.1,MKDFSKINVKRDCRVCHKVFSSAKALGGHMRIHVNEVKNKDLTVSRNSTSLRAHHHSIKPKKQNPREDCHKNMVGVITEPICMICGREFPSMKSLFGHMRCHPERDWRGIRPPSTAKINSSDHTSSLWDTDQDQVDVVVSTSQGNDQVVDLVESLRGWPVTARRGRKALTADSMLGFSGPSKEHDQLHKAVDYLLMLGRGSSCRNAQSHSRNMDSSEAASSNLPVSSANPGSTSNKPKIRKSSSKFRTNSPVEKSGKEKSTRSTDVLGESTKKLCGSVLNYDQLDNRDCDSAKFDNIRRKRKKMKLSELEQAPKISPVTPEQQKMAAGRTANHWCNTRQKSFSSHNRLKIIILDSIGKSSNAGTSLNSVEATQHEYCMVCNKNFPAAQALGSHKMCGRTGAPMSQHVSASSRRVLNFDLNEVPPSED,427,0
PEQU_14966,MEESTIMKEKRTKQQRHHLLPHVISPILSPTTLLEISESPTEEEEEMANCLIFLAKGGYKPKLNEIEEATTAVNLTGRVTEPTTTATGKTENNVHKCRDCNMSFSSHKALGGHRASYNKKLKLSIPLASKVLNEFPFTSSVMIKVKSHKCYDCSSEFSSGQALGEHMRKHRQLITPEQTKKEDNSKAFYLDLNLPPPCDD,200,0
Phvul.003G008300.1,MAAPFSAASLFGIREEDQNQMKQQHSSTTTPSSSSTPAAPPPQKKRRNQPGTPNPDAEVIALSPKTLMATNRFICEVCNKGFQREQNLQLHRRGHNLPWKLKQKSNKEAKRKVYLCPEPTCVHHDPSRALGDLTGIKKHFSRKHGEKKWKCDKCSKKYAVQSDWKAHSKTCGTREYRCDCGTLFSRRDSFITHRAFCDAFAQESAREPPNLSSAIGNQLYGNSNMSLGLSQIPSIHDQNSQSSDLLRFGGAPRTGQFDHILPPNMPSPFRPSSHQTMQMQNPPFFIQEPNQNQNQNYHDHQQGLISNKPFQGMIQLSDLNNNTPSNLFNLPFLSNRNHTPNYSEEHHFTTTEPSNFFTEGTMIETSSATAPSLFSTSLQSSTNMSHMSATALLQKAAQMGAASSSNNNNSASSLLRSLASKSEHRPLISAANYSSILNSSVQEMMNLPGFEAYDHAMNKEPKLSVGGSNRLTRDFLGVAQQQQQQRGFNLSSLESETNNAALSGQSFGGGGNFQX,515,0
Pavir.6NG295600.1.p,MEDPYTSFFKNPYYYYTTSFPAAAPAPHIPPPLPPYTSRYPPSSAATPQYPACFFQPQPTLPPLHDSPPSPPLREALPLLSQSPTLGASRPRHVAADYDADDFLREVVGSSATPSARAPLFADLNCMPSCCDDGDPMDVEAGSSTDDAAVALRIGLPAAPANGCGGTEPDLLSGLTGRACGGMEPEEDEEECKVDAGDGDEVVPLGFASTPIGRLNKGQYWIPTPAQILIGPTQFSCPVCYKTFNRYNNMQMHMWGHGSQYRKGPESLRGVQPTAMLRLPCYCCAAGCRNNIDHPRARPLKDFRTLQTHYKRKHGLKPFLCRKCGKAFAVKGDWRTHEKNCGRLWYCLCGSEFKHKRSLKDHARAFGHGHGHGAFGCNADEMVDDDDGAVSEIEQDCCRSSARX,404,0
Pbr033513.1,MASSHKPKTQRKPTKQTHQKLQKHHENKNPKPRKAEEMPAEKPPYWSVVRGLLTCKHLQPVKLPQKQPNEQQAMEEASNAAKKCKKMRCSGSLCNNTKITQRPELLASPEVHKKRASSSMGSSSNSNEASSRSMKAPLHEINGVVLTSSSSFSAVSSSSNNNSSAGGGGSFRAMPFRRFSGCYECRMVVDPVLGFARDPSLRGSICSCPECGEIFTKAENLELHQAVRHAVSELGPEDTSKNIVEIIFQSSWLKKQTPICKIDRILKVHNTQKTITKFEEYRDSIKAKATKLPKKHPRCIADGNELLRFHCTTFACSLGLNGSSNLCNSIPHCNVCSIIKNGFNKFSGELTEQGILTTATSGRAHDKAVVAAEEGDKRAMLVCRVIAGRVKKSLEGSVGNGNVGMEEYDSVAGAVGVYSNLDELYVFNPKAILPCFVVIYGGYX,444,0
Peinf101Scf01267g05022.1,MTDPEAEVIALSPKTLMATNRFLCEICGKGFQRDQNLQLHRRGHNLPWKLKQRTSKEVRKRVYVCPEKSCIHNHPSRALGDLTGIKKHYCRKHGEKKWKCEKCSKRYAVQSDWKAHSKTCGTREYRCDCGTIFSRAFCDALAEETARISAATNMHNPLAGNNINYHFIGAPLGTNMAQHFSSLFKPVSSNNENTDPMRRELSLWNMGQVSQDQQETIANNNLQEIHQIGPFQTSAAPVYDTNSLLATRSNPPPTSYWELVGSKISSINNAETLTNTSTNMSVPSLFSTQHQSHQQTTPSSANMSATALLQKAAQIGATTTDPSFLGNFGLNNCNNNNSKNINQVIHEAGNKGFCGSFYVTTNNSITTSLGSDLESSVNDFSTMNQLQMYPPNKRRHIQTREDSVTGGGGGQTRDFLGVGVQSICHPSSINGWI,433,0
OPUNC03G00880.3,MEGAAAAAPAAGELLSPAEADWPPELRLPPPPPAAASEGEPPPARAAMGMDDSQFLGSIIGLPAQPPQATVEALTVVGVKRRRGRPPKKRDGAATAVIPAAKPARRREDEEEVVCFICFDGGNLVVCDRRGCPKVYHPACIKRDEAFFQSRSKWNCGWHICSSCEKAVHYMCYTCTYSLCKVCIKQGKFFSVRGTKGFCDTCYSTILLIESKDEGDTKIVVDFDDQNSWEYLFKLYWLDLKGKLSLTLEELTSAKSRWNAPTTYTRKEKDESSDDLYDANNDDDAGSDCSSGKRKRNSSTKKGRKRWKPNSDCSIATKKVETVTRDAGTLSNKVPTEEASLPLDAKWASPELLEFVGHMRDGDQSFISQFDVQALLLDYIKQNNLRDPQRKSQIICDSRLHRLFRKTRVAHFEMLKLLEMHFLVSEPSAVNDGSQGIINPNSAQIDHVSGYSDMAAKFSPDKRRRMHRKMEREPQANPEDYAAIDMHNINLIYLRRSLMEDLIDDPTFSEKISGAFVRIRISGLGQKQDMYRLVKVVGTHKVSEKYSVGKKMTHFALEIMNLNKKEIITMDTVSNQDFTEEECKRLRQSMKYDLISRLKVGDIQEKAKIFQFIRVNDLLNTPEERARRINEVLDVHVDSHMDPDYESDEEFGNKKAVERNVNWARSDPFVSPIKVKYSNTSQKNGDATRHHKNLSKQNTECKSEAARNFENSHSSVGMDIPKSGTNVKSTMCETTSLSSSGVVSSDMEPEKVWHYKDPSGNIQGPFTLVQLSKWTSYFPRDMRVWLTFESEERSLLLTEVLSKQPKDFGQPASVTTSSKSTLADTGQNRNTQIVDLNRAPSPVGYSMLNSFETTVQSTKHSAPERESVNSLDDRLSHSTDSVPPKDTNASNSQAMCQIKHSGSLPSPGSPHQRSDLHHDEVQGGRSGEWNNQLNSELWSPSMPQTSSSAHSNVESHHDHYPSWSQVQHDPKNSLQAGSGKDLNSRQDFLQKLPSQRTTRDVPSPVFAWSPSESRTASSQHEGSCLSSTTNLCTHDELHSSIASAKAKSFAPATPVEDRGSSSPSGMLSHSERAPICSPQSAPSASDTCKMEEIMNQQKTLEADISNTSVNQSPQKILPESSPDNQDAEHEYRSPPPISESKALSPQSRTTPESSPDNQDTEREYPSPPPISGSKEISPQSRTVPESSPDNQDIGHEYPSPPPIPESIELSPHSKVLPESSPDNQDIEPECPSPPQIPESKELSRQSKILLESSPDNQDIKPVHPSPPQIPGSEELSRQSKILPESSPDNQDIKCEYSSPTPIPKSKELSLQSKILPESSSDNQDIKREDPSPIPVSKSKELSPQSKILSESYRDNQDVEREYPSSVLISESKELAVDLPGSISLAPEKIVSTDVGENSSLAFIFPKSPPAGDGALKSVSDIAKAHLEGEDSNVKEELYVESTVVIRDDMVVNPVSGVESIDMSENLLESLMEQSCGTFYMDGTTTLEGFLSGSTKEEPQCSSPIALSTCSSPIALSPWGEHGYYQGDSVGSSLWGVQDDEPISNIWPLSTQTPALQYSSGSTAHFIDEVTVTHGNNGVVLSTTPGEEVGLPNSGVCVDWGLVEQVNPEANDASISMIDKNTGLEYSQPSANDGSDVGTARKTNHNTNLSLNHETAVPLSRSSGEASKKHGFITDLNVATSGKALGDTKNWNPSAGNANRGSQRNHHRDRYSQISESWLLSSNYSRSRSDGYGTGGSSRSTPRGQTQRGICKFHENGYCRKGASCNYLHP,1769,0
SapurV1A.0111s0230.2.p,MCGGPEQSAKSSSTSTRYTVGATQITKDMNSLTVETEDTFSSLLELAANNDAEGFKRFIQRDASSINEAGFWYGRQKGSKQIVLDQRTPLMVAATYGSLDVLKLLLDHTKADVNLSCGKEKTTALHCAASGGSINVVDVVKLLLSAGADPSCLDVNGDRPGDVVVVPPKLQSMKAALEDLLSKTDSNGSAAEHDFNGSAVVSNLRVSISNSNFSSPTLSSSPENGSPPSPSVLIYSPRAAKFNNMPGSCTPERREYPIDPSLPDIKNSIYATDEFRMFSFKVRPCSRAYSHDWTECPFVHPGENARRRDPRKFHYSCVPCPDFRKGACRRGDMCEYAHGVFECWLHPAQYRTRLCKDGTSCNRQVCFFAHTPEELRPLYVSTGSAIPSPRSAQSAASVMDMAAALSLLPGSPSSVSAMSPTPFNQPMSPSANGISHSSMAWPQPNVPTLHLPGSNLQSSRLRSSFSARDIPPDNYNLLSDFDSQQILNDLTCFSQPQNNSVSFSRSGWSKTLNPSNLDEMFTAEMSSPRFAADQAAAAVFSPTHKSAYLNQLQQQQSMLSPINTSVFSPKNVEHHLMQAAFGAGSPGRMSPRSMEPISPRGPRLSALAQREMQQHQQLRSLSSRDLGSNNPVAHNVGSPVNSWSKWGSPNGKLDWSVNGEELGRLRRSSSFELGNNGEEPDLSWVQSLVKESPPEVLKEKFAIPVPGTAPSPDVAVGLSSNSQINPVLESWLEQMQIDKKQQPVVX,746,0
Pgl003891,SVLIXMKTGICKFGSKCKFRHPKDXVGNFKSDENVDGSEVKPATSDVVTLPERPGEPECAFFVKTGICKYGAKCKFDHPKDKGGSLKISEHKGEGDSAITVGTEGQGVSGVVNGKTENIAAAIKPATMHNTKGLPIRPGEPDCPFYVKTGSCKFGSNCRYNHPDRILVNTPPAIMPFAAQDQPLVGYSGMLPQHSLGAPIPPQRPGEPECTFYIKTGECKFGPSCKFHHPLNRPDPSVKLTLAGLPRREGETICPFYLKTGVCKYGVNCKFDHPPPGELDTARAQPPVKLTLAGFPRREGEATCPFYMKTGTCKYGATCKFDHPPPGEAVAKAVAMAVTTEDNLEDEDKMGSGNVVGAKATDENLKV,367,0
KN538730.1_FGP048,MEAPPLAAPICASQGAMGSLLGKMEELLVAPDGSRLPKGVKDRMLLLGGDLGVVAAYLADLSELEDPPPTAKRWMREVRELSYDIEDYIDEFCAAPRPGRRANTMARFVCRIGCVKVARLPKKLKRHQQMGKMVSQFRIYVQEAIERHGRYGLDCCDHRRRYVSFGPMLPSRPYGEEDAQLVIDGRVSEFIERLANDEDQKLKVVSVVGSSGIGKTTLAKQFYNRIGGQFDCRAFVRVSRKPDMKRIFREMFYQVQRKQPPDDYKELTLIDSIREYLQDKRYLIIIDDLWAASAWDLINQAFPERLFGSESDCPQQFKEVSNKIVQICGGLPLATTNLASLLASQPVILMDLCLYIRDSLSSAFRTNSSIEGTRQVLNLSYNNLPHYLKTCLLYLNMYPEGYKICKDDVVEKWVAEGFIDQIEGRDLKKVAGSYFDELIDRRFLQPSRLNYNNEVSTCTIHDEVRDLIAYKSLEESFVLVLDCYQKDVELSDKVRRLSVHFGDTKYAKIPTNIRTSEVRSLTFFGLCKCMPSLTEFKLLRVLNLQLSGHVGDELLDLSGISELFQLRYLKIACNIRTELPSQMRGLKYLETLQMDTTLTAVPWDIIYLPCLLHLHLPFDTNMMDLIGRMTPPSTLLSLEPSSSNSLPSRGIISNLNNLRDIHLTFCTPPSKYIERNMEVLGSLLGRLSNLKNLILVSSSSQKNIMVSGALEVNISWEGLAPPPLLQKFEWLLDNCIFSRVPRWIEKLGNLRILKIAVRELLKNSVDILKGLSALTALSLSMHAIPVERIIFDNVGFSILKYFKFNCSTVPWLKFEAGAMPNLRKLKLGFNVLRKDLHGTTPISIGYLPSVKEISVKIHGVGSDAESVLTYTVSNHPNNPRINEKLVDWTTYGEGGRHMVIKEKDHGFQEEQNEQEHLDKYKQAEIRISTSANFLDIKQILEDAINRWLCPSEICEILKNYRSFFLATEPPNKPPSGSLFVFDRKILRYFRNDGHNWRKKKDGMTVKEDHERLKCDYLSFRIRLTVVCQSSLEVLTCLNATMHMGKKMRISKGGCTGCWKSVGGPYPKAFSKAELEGPLTSPVLKKIKTLFFLRALSPEKKKTTHLPCGKSAHEAPHLECYEIAPPKNGFAHLPRSLPRVTQTEKATPPFALQEAAAFALGSVCMEGSSDAAIARTSDGNKCLLEAASAVEVVALSWRDGLFEGAAVAAGIVITMPTTAFGSVRLWFGVCSTLIEAASTARSLRTGALLRLVLHRPAFALRRFTMLFCCFASYQPSQSPPFLVVIDRRRLGPSPLRVHSVTGDSSVTKNNFQGGSSVTENSFQQHDESLEASICYPFLKTASDIEKGSFKKTDSFTRWGSKEPADVDDSQIQSSCIKETDSSIEASSREPMDLFTVAPEVLHDQLFSTVSSWTFPDSKAKFSSATGDSSATDNTFQQNDGSLAAAIGCPILKTASDILKDSFKKADSCTRWMGKELAEVDYSQIQSSCIEEADSTIKASSREPLDQFNVAPMDLQDHLFSIVDILPRWTYAGSMTKVLVTGTFLHTKQVTERFRWSCMFGEVEIPAEISADGTLRCYSPPHKPGRVPFYVTCSNRLACSEVREFEFRPSDSQYMDAPSPLGATNKFYFQIRLDNLLSLGPDVYQATITNPCKEMIDLSKKICSLLANNDEPLSDDQQDQYAENLIKEKLHDWLLYKVGDGGKGPSVLDDEGLGVLHLAAALGYDWAIRPTVTAGVNINFRDFHGWTALHWAAFCGRERTVVALIALGAAPGALTDPHPNYPAESTPADLASANGHKGISGFLAESSLTSHLRALNLKEANMSEISGLPGIGDITERNASQPAIGDSLGAVRNAAQAAARIYQVFRVQSFQRKQAAHVRGHQVRKHYRKIVWSVGIVEKAILRWRRRRAGLRGFRPTEGAIESSSGGTSSNLVKDKPAGDDYDFLQEGRKQAEERLQKALARVKSMAQYPDARDQYQSILNVVSKMQESQ,1988,0
XP_013592629.1,MMKSLANAVGGKTARACDNCVKKRARWYCAADDAFLCHFCDGSVHSANPLACRHERVRLKTASAGKHRHASSSPPHPATWHQGFTRKARTPRGGKKIHTMVFHDLVPGMSLEDQIYEVEEQLIFEVPMLNPMGYEQCLKESVGTKIVFPMMPVCFKSSEEEDNNTESCLNGLFPTQMELAQFSADVETLLGGGSDREFHAMEELGFGEMLKIEKEEVKEEEEVATREVCDLDDANETSPFEISFDYESSHKTAFEEDDEKEDVMKNLVDVGVNEMSGRIKEEEKEKVLMLRLDYENVISAWGSHRTPWTALESSEIDLDMLRRQTNSVCESGGEAHHHNHFRGLGLHMREAGDGGREARVSRYREKRRTRLFSKKIRYEVRKLNAEKRPRMKGRFVKRSSIAAAH,405,0
AA33G00283,MVEEGENGEFPPKKEVTEESDIPIKKSARQLDFSGGLGVEHSSQSSKTTVSVHSPTTTTIPRPNVMGIGQIRSTMTVVTSQTQGLHVPLKIPKAESPKSRARPAVESRDGTPQKKKQCNCKHSRCLKLYCECFASGTYCDGCNCVNCFNNVENEPARREAVEATLDRNPNAFRPKIASSPHGARDNKEEIAKHNKGCHCKKSGCLKKYCECFQANILCSENCKCLDCKNFEGSDERQALFHGEHSQNLAYLQHNTNAAITGAVGSSGFAPSPAPKRKKTQEIFFTQATKDSSKQFQQVTSPTPVSTAGGNSPLVSSSKPAYSSLLADIVHLQDVKALCSVLVTVSDERSKIPLPDQSNKRLEDQTETSLASSTQDQGEIKAANGPLSPATLALMCDEKDTMFMVADSPTTTSQLPNGQDQVYAEQERVILTKFRDCLSRIISYGELKESNCSLSRMELDSPVHTSVKIEPREPREQQGPVVNGVSRTITTPTKQQTSQLITRTIPQNTSQIHLHKPPALPEK,522,0
Thhalv10004744m,MASKLCDSCKSATAALYCRPDAAFLCLSCDSKVHAANKLASRHARVWMCEVCEQAPAHVTCKADAAALCVTCDRDIHSANPLARRHERVPVTPFYDSVSGADGSVKHTAVNFLDDCYFSDLDGNASREEEEEEAASWLLPNPKTTAMATAAETVPGDSPEMNTGQQYLFSDPDPYLDLDYGTVDPKLELQEQNSSGTDGVVPVESRTVRGPTVNENCYELDFTGGSKGFTYGYNCISHSVSSSSLEVGVVPDGGSVADVSYPYGGAATSEPIREASELFRX,281,0
Pp3c22_5870V3.2.p,MVNVEKPHMSVAVLGHGDWAMIPSSSSHEPQQQTQQHQQEKKASQLFAQRALQERRLKPPDQVIACPRCQSLNTKFCYYNNYSLTQPRHFCKSCRRYWTAGGTLRNVPVGGGCRKNKRTKPRTPEGSNSGTGSADVDSMSSSGLQHPGFTPTSIGFLSSSEGSPYGLADPSIRADSSMSQSSKIGLPMPYQPGGQSSALAQHQQLHPFEGGIPGLGFFRNPGRVAETALNLHPTFQMPTGDLSEMFDTSSVSRTGALAALSEGLGTFNVNAEGGRDQQGFVSLERWQQAAKQHSSSGMWGSHEIAQAQSNIGMGRQQDVKGKMTLGLVPITGMDTSKGQQQQRPTPSWQHSNPPENSGLHFEQQPEQNYWNNSGGWPSMDSQAYQSSGGGQALX,394,0
Manes.06G100000.1.p,MPLSSSEAPESSCRHLTYSRKQKSLGLLCTNFLSLYDKDGIEVIGLDDAASKLGVERRRIYDIVNVLESVGVLARKAKNKYTWKGFGAIPKALQELKEEGLRENLSSFDKQQSSNFEKLSDDDNDDEDDCDSNPNTGSQNDNAIPSGIVKSTAASRFDNRKEKSLGLLTQNFVKLFVCSKADLISLDEAAKLLLGDAHNLSIMRTKVRRLYDIANVLSSLKLIEKTHTAEARKPAFRWLGLKGKPESGPVDALAEGRKRTFGADVTNICFKRNKLDSLADGEKSNNLKLPNQIKFENVVTIADASTSGQDFSKSYQFGPFAPATVAKAGGDDNKSTQSHDWESLASTYRPQYHNQALRELFAHYMEAWQSWYTEVAGKKPIQQISX,386,0
ORUFI02G22630.1,MASRSPTNKQISSEDRVRGARGKRHHHSSDEWSMEHAEEHEHGRGGGERDDAAEPEAEQPELEQEELSDSESGAESIEISDLKKRMWKDQMLLMKLEGGRPGGGGGRGGGGLAAAGAGTSSEGQLEEETPEARCRRKAMLRAQDGVLRHMLKMMEACNARGFVYGVIDEAGQPMSGSSDSLRGWWKDNVSFDRAGPMALIGPAAAGDSPQAGGGGLHRLQDIQDSTLGSVLSALIQHCEPPQRSFPLERGLAPPWWPTGEEPWWGTQGETQAHQGAPPYRKPHDLKKAWKVSLLSAVIKHMSPRFDQMRKLVWQSKRLQQKMSAKESDTWSKVIRQEEALDRRLKTSLHITLLDADGGEEDDSDGLEDVVRGAAAQDKRKREYTRSGSGSSSGNSGGGKFPRGGSGGADHHQLAVMLPELAAAADQEGRSPINELMKLYYSCLQQEEGAADGGEAGGEGCDVAAAALAVPPEVLAGVDEVAQDVLFDLIGSYPEVDDVLHFMDE,504,0
SapurV1A.0471s0080.1.p,MQRPSKRSKTGEAPAATLFSPPEIPPVRLAQDQELALMVAALRNVVSGTTSSDFSKELNSFNEPITTSYSQFGSTSSNENSFCNSIWPPSSDLDTCAVCKIKGCLGCNFFPPNHEDKKDDKKGGGKRVKKNYRGVRQRPWGKWAAEIRDPLRAARVWLGTFTTAEAAARAYDKAAIDFRGPRAKLNFPFPEGGISSFEESKEKHGKHVKQQEKSENRSGFEEGMGKESELWHKIGDEEMHEWMMMMLDFGNGDSSGSTEKX,261,0
Csa03g016350.1,MMNNDEIVLAEMRPKKRAGRRVFKETRHPVYRGIRRRNGDKWVCEVREPTHQRRIWLGTYPTADMAARAHDVAVLALRGRSVCLNFADSAWRLPVPESNHPDVIRRAAAEAAEMFRPADFGGGITVLPFSGDEVDLGSGSGSGSGSEELNSSSYGYGDYEEVSTTMMRLAEEPLMSPPRSYMEDMTPNVYMEEETCYEDMSLWSYNYX,208,0
Neem_576_f_7,MQFTCLILWEIDRHGKRPLPFDASEEKKEDEVIFPDPRQDQRSSASAATSGDHRQPHGQGGQDTSSQPTQDQGNIRRRHYRGVRQRPWGKWAAEIRDPKKAARVWLGTFETAEAAAAAYDAAALKFKGSKAKLNFPERVTGADSGFFLSSASNPGTVSLPQHFPISNIPPPQTLPYPLSHHPINPSSTLSYDQMFPNLFQYAQLLSSNDDNNFQYAAPNLYNYSQDQPFHSQSSSIIFSTPTMSSAMSQNQNPLENDMFSFSSCSRMGSFSSASDSVEQEKDSLDDGNQKE,291,0
Tp6g30090,MNTSKSKKKQEEAGTRFLGVRRRPWGRYAAEIRDPTTKERHWLGTFDTAEEAALAYDRAARSMRGTRARTNFVYSDMPPSSSVTSIVSPDDPPPPPPPPAAAAPTCSNDPVDYMMMFNQYSSTDSPMLQPHSDQVDSSYMFGGSPSCYSNSSTELPPLPSDLSNSCYSQQAWSMEDYSSATYFEGEYVHSPMFSRMPPVPDSLPQGFNHFGSYN,214,0
XP_009784267.1,MNIFRSYYSDSLTESSSLSDNSSSPCNRANLSDGEVLLALNNPKKRAGRKKFRETRHPVYRGVRKRNSDKWVCEVRQPNKKSRIWLGTYPTAEMAARAHDVAAIALRGRSACLNFADSVWKLPVPASADAKDIQRAAVEAAEAFRPSESEAVSGDSCGGSGTTPEKPESNHCFMDEEALFCMPGLLASMAEGLMLPPPHYVEVGDYVEAAADMHLWSYII,220,0
TRIUR3_25005-P1,MARPQQRYRGVRQRHWGSWVSEIRHPLLKTRIWLGTFETAEDAARAYDEAARIMCGPRVRTNFPDNDAGAPSSSFLSPALVAKLHRFNVACGSQAAQQQQDKDASASSISISCVGKNSRGDEEDVGPIDPATPLVRVSETVDVVAQQKGEVEPEDPVHAVLELTALQAHNEA,172,0
XP_016650838.1,MVSLRRRRLLGLCSGVSPVLDPLPRLCDNGTVPQNFTWTNPVSVHPMPSNDANQPDGNASVKVEARSPTASGSSLSKEQHDQQVAGPPIKRRKRHRRKHFQNQEPCLMRGVYFKNMKWQAAIKVDKKQIHLGTVGSQEEAARLYDRAAFMCGREPNFELSEEEKQELRKFKWDEFLAMTRHAITNKKHRRRPGAESHKRSETPLENGDWDDKEEVDSLSASEDMEQDMLGS,231,0
Prupe.6G011300.1.p,MDNGKSNQSNNPLLYTAFFSPLFLHDLLGKVVSTEEEAYNLYNSYATRTGFSVRRGQKRYNTKKVLRQFSYFCSKEGFRLDSDPSEVSMANKLETRTGCEARIRFAFQNDNGMWKVSHFVYEHNHELAMPEERQFLRSNRKVSEAHLDCYNVVNKEKMVMIEAGDAQSLINLFKRKQAEDPMFFYTVQVDQENRMTNFFWRDGRSRIDYDCFGDVVVFDTTYRTNRYNMICAPFVGVNHHWKNVLFGCAFLLDEKIDSFIWLFETFLESMGGRKPKTIFTDQCQAMANGIEKVFPGVCHHLCSWHISQNAARNLGSYYGNPEFKHMFNKCLQGYCETELEFQSTWDDLLAKFNLTGNLWLKTLYGLRAKWCPVFSQHIFTAKIKSSQRSESTNNVFHQMSTKTMSLTQFVHHYDKQAEKMRSSELEESFRCNQGLSSRIAKSSGLMNHAATIYTRKIFKLFEKEFVDSLGVMMHEVGSDGTIHSFELNEEGHKRVYIVQLNSLNCSISCSCKMFESMGLLCRHTLRVLNVKCWSQIPKQYILKRWTKDANKGLEASEHGELLQTKGKSSVTLRRNTLMRTAYDVLTKASETENTTRIALQKLREIAGLIEKEMIKSKGEVNAKIHDSLDDCNATTFDETPVRNPSCVRPKGISNARLKSVMEKRRRKTSKDIVSSSKKVSYFAYX,685,0
Bradi1g26980.4.p,MSTAAQPPISVSGDSSPSSPTTSGSSSRSSSAAAAGSEDPALLGQATSTSAGDDAAVPTSPRMGMYFETEEDAYEFYKAYAARLGFVVRKSNKSKNSRHTVTRRLFVCSKQGFRQEPKKPQDETNSALVAAAASPPPPRCPDSRTGCMASLTIKLIPSANAFRVTDFVIEHNHPLASAAPALSLAMIPSSSSHHTIAAAASLPDPRDGPRTDMHFETEDDAYVFYNRYAEHVGFSVRRSYKKRKRGVIVSRIFVCSREGVSDRAKHEGLAIASTNTGTGAAGTPRPGPPPTRTGCQARMVIKITPCRTYRVAKFFADHNHPLANSETVHKLRSHKMKARAHELGTGEHHRKKQGKGVQLGDAGAALEYLERLQVGNPSVYYAVGMGPDGHSATNFFWADAKSIIDFRSFGDVVCFDTTYELNVYGRPFALFVGVDNHKQLLVFGAALLYDDSIQSLKWVFQAFADAMRARQPKTILIDERSACAIAAAEVWPGSNYCTSVWHIYHNSKRHLKQVFENSKSFGNALSQCLFDCEDEMEFLSAWEKLVEKHEISEGEWLSRLFLEKEKWALPYRRTMFSADIITTLRKDNMINELKRELSEQEDILQFFKRYETMLEEHRSKKLQADVDGNQVTLPIPSLRMLKQASNAYTPEAFKMFQGEFEAYMNCMSFPCSGIGTISEHKVTLDEKPSEGIVKFDALDGSATCSCRKFESVGIQCCHVLKVLDLKNIKELPEQYILKRWRKDARSVRMGEEPNYGSVSSMRSSSEVRFGNMCRFVSLIASRAAKSEEAVAYIGSQSSVLLKQLDDILQTGYPEIGNRDVASSSQAISFVGNQHPDHTTQARAVAQANGRHNHDKLQKLLX,861,0
Gh_A02G0227,MYSGIRSLSLDGCVGDYQGSLDGTNLPGDACLVLTTDPKPRLRWTAELHERFVDAVTQLGGPDKATPKTIMRTMGVKGLTLYHLKSHLQKYRLGKQSAKESTDNSKDASSIAERQDTGSSTTASSRMIAQDVNDGYQVTEALRVQMEVQRKLHEQLEQVQRRLQLRIEAQGKYLQSILEKACTALNDEAAASTGLEAAREELSELAIKVSNDCQGMIPLDNIKLPSLSEFTAALENKTASNMPTRIGDCSIESFLTSSRSPLSQTGVGSQAVTMKRPRLPFGIGDSFPLGGIRPEIEWVMPNIS,304,0
AA12G00221,MREEDTNWFAKWQEELPSPEELIPLSQSLISPDLALAFDIRNPNNGNTNSIQVLPQSTPPTQLLPSSQANSSADFASDSADLGSGGVAGDEPARTLKRPRLVWTPQLHKRFVDAVAHLGIKNAVPKTIMQLMSVDGLTRENVASHLQKYRLYLKRMQGLASGNGGGNGSDPVTDHLFASSPVPPHFLHPNRGSNSDHFISSFVPITTLQQQQQQHMAVSASNPHLQPPQFHHRQISASHFNGQFGSQTNGKVVDHSFLARQTHQVAQRISATSSLHSPVSNYAENLMSADTTTGGGGRTVLTLFPTRND,309,0
Potri.007G039400.2,MELSLDLSLVCEPKTINECLKEVSMVKDGSQKLTKLYDYVERLEDERRKIDAFKRELPLCMLLLNEAIARLKEEAMQCSELNDLIPLKGNSNEDGNDKKNWMSSVQLWNTNNHLDCKKQDSKSEPKQKSEEDDDRSTCENPVQLGDHSNKGEAFVPFKALSGFEGSKRKEEKEVVSQVTGLSPMTPVPDLSSCNWTRKSNNCSNQTKILSKSQQQAYRKQRRCWSPELHRRFVDALQQLGGCQVATPKQIREHMQVDGLTNDEVKSHLQVSFIPSSPSISRSMQGPFNRX,290,0
Cre08.g358532.t1.1,MMAQAQPPQQQPSLQVFLWLGAGQQRADGRIQYSSFRLNSTDYRVGDCVFLFPEDESYPPYVARILSAFVDTQVQEGSDPHCIEVKWFERRVNLEPTTKGIEESEREVFELEDTDVNPIGCISGKCRIVKAHNYEEARLRRSAAATGGSGGGAGGAEAAGAGLGPSGPGPSSADPWFFCRGYFQQTTNSFVAYTPDEMARPDVALDVGLVDTAAHAHGAGAGAGHLAGLAGPGLGGGGAGLSEQPPTPTRLRGPNTAAGSGPVWGLPHGHAGKAAALHSSHHSQHPHAGSGADPHHMADPGEAGVCWGAAGLDGEGGDGGAGPEDDEEYSDPDNNHNDNRGGGGGGAGAGAGGRNHHYAGGASGGGRARAAGGHHAAPAQQQPSSKKQKATGRTCLECGATTTPQWREGPMGPKTLCNACGVRYVRSQQKAAGQKRGGHKNGQKTDAARGQGARTKRKPHHGGGSSGEDX,470,0
Phvul.003G291500.2,MKRERQNLASTAGTSSSGYSTGKSNLWEDEGGMDELLAVVGYKVRSSDMAEVAQKLERLEEAMGNVQDGLKELSDDAVHYNPSDISNWLQTMLSNFDSLTPEEPDKGYDLKAIPGKAIYDGGVGTAPNPKRLKSAESTQAFVVVDSQENGIRLVHSLMACAEAVENNNLAVAEALVKQIGFLAVSQVGSMRKVATYFAEALARRIYRVFPLQQSLSDSLQIHFYETCPYIKFAHFTANQAILEAFQGKSRVHVIDFGINQGMQWPALLQALALRPGGPPAFRLTGIGPPAADNSDHLQEVGWKLAQLAEMINVRFEYRGFVANSLADLDASMLDLRDDEPVAVNSVFEFHKLLARPGAIEKVLSVVRQIRPEILTVVEQESNHNGLSFRDRFTESLHYYSTLFDSLEGSPVNPQDKAMSEVYLGKQICNVVACEGTDRVERHETLNQWRSRFSSTGFSPVHLGSNAFKQASMLLALFAGGDGYRVEENSGCLMLGWHTRALIATSAWQLAEKPVVAVX,518,0
Rsa1.0_00323.1_g00019.1,MYKHPRQEVEAYPLPPSESNSVGKLRYVPVNNSRKRYCMLEPSSSPDSTVLVSNNNNNNSGYEDTSASCVTDDFNDKIKELETAMMGPDSSDLPLYYNDSFASTSSQETNSWRSTLEAVSRRDLRADLVSCAKAMSENDLMMANSMMEKLRLMVSVSGEPIQRLGAYLLEGLVAQLASSGSSIYKSLNRCPEPASNELLSYMHVLYEVCPYFKFGYMSANGAIAEAVKNENRVHIIDFQIGQGSQWVTLIQAFAERPGGPPWIRITGIDDMTSAYARGGGLSIVGNRLARLAKKFNVPFEFNSVSVSVSEVKPNNLGVRPGEALAVNFAFVLHHMPDESVSTENHRDRLLRMVKSLSPKVVTLVEQEANTNTAAFFPRFMETMDYYDAMFESIDVTLPRNHKQRISVEQHCLARDVVNIIACEGADRVERHELLGKWRSRFGMAGFTPYPLSPLVNSTIRTLLRNYSDKYRLEERDGALYLGWMKRDLVASCAWK,495,0
Gh_A11G1390,MQASQQHRSSVMASRLYRQIKQEVEPEPYWFPQLPPIDPSLCYSDSSHEFHFTVESSNENFCTLESSSANGSYNAYNSTSLVGFSPNGSPTSQQDSQSYPSDLHHSPDNNVGSPISGSCVTDDVSDLRDKLKELETVMLGPDSDVIDSKTSPEMGTWRLVTDAISRGDLKQVLVFCAKAMSDNDLLMAQWLMDELRRMVSVSGEPIQRLGAYMLEGLVARLASSGSSIYKALRCKEPKSADLLSYMHILYEVCPYLKFGYMSANGAIAEAMKDEDRVHIIDFQIAQGSQWITLIQAFAARPGGPPHIRITGIDDSTSAYARGGGLNIVGKRLSKLARYFKVPFEFHAAAMSGCEVQREHLQVRPGEALAVNFAFMLHHMPDESVSTENHRDRLLRLVKSLSPKVVTLVEQESNTNTAPFFARFLETLNYYTAMFESIDVTLPREHKERIDVEQQCLARDVVNIIACEGAERVERHELLGKWRSRFRMAGFTPYPLSSLVNATIKTLLENYCDRYRLEERDGALYLGWMNRDLVASCAWK,539,0
OPUNC03G26730.1,MFADFSAAAMELGEVLGLQGLTVPSTKEGDLSLIKRAAAGSFTQAAAASYPSPFLDEQKMLRFAKAAHTLPSGLDFVRENEQRFLLSRTKRPFTPSQWMELEHQALIYKYLNAKAPIPSSLLISISKSFRSSANRMSWRPLYQGFPNADSDPEPGRCRRTDGKKWRCSKEAMADHKYCERHINRNRHRSRKPVENQSRKTVKETPCAGSLPSSVGQGNFKKAKVNEMQPSSISYWTDSLNRTMANKEKGNKAAEENNAPLLNLKNQQPTLSLFSQLKQPNKPEKFRPAGDCESISSNTMLKPWESSNQQNNKNIPFTKMHDRGCLQSVLQNFSLPKDEKMEFQKNKDSNVITVPSTFYSSPDGPRVSCHTPNMAQMQEDSISSSWEMPQGGPLGEILTNSKNTDDSIMKPEARPYGWLLNLEDHAM,426,0
EcS719901.10,SGEESKKLFQRIWGDDDELALLQGMIDFRETKGMDPFANTNAFHHFVKKSLGQEFTHSQLANKIRVLKKKYSNNEGKGKDGEDRSFSKPHEQKVFELSKKIWGANKSSDAGGSGEQTPMPKANGTAKKSKAATAAKVPKLKMETSLERPKENGELVLSEHIDAGSMLSCDYKMLQLSALGLDQDFMKKGWEMLDQSRKEELKERWMKVQLAEMRVLAERATLISDQTNLVLEAYERANGN,240,0
GRMZM2G094935_P01,MEKKTVHVPAEGNGEIENGTSSSQNPETLEHPVLLSASQTVPNNLGIRKNYKRAANRGKKGSQGLTGQAYTLRSSDIDVRVLRSTSGSKTTSTEHVQPPGQPAAKRRKRSRASNKNSTDEFSQIRKRVRYILNRMNYEQSLIEAYASEGWKNQSLDKIRPEKELERAKSEILRCKLRIREVFQNIDSLLSKGKIDESLFDSEGEISCEDIFCATCGSKNATLGNDIILCDGACDRGFHQNCLNPPLRTEDIPMGDEGWLCPACDCKLDCIDLINELQGSDISIEDPWEKVFPEAAAMANSSKQDEAFDLPSDDSDDNDFDPNMPEEHVASKEEGSSEEEEDDDGGSDSDDSDFLTCSDDLEPLIDKKNVDDLGLPSEDSEDDDYDPAGPDSDKDVEKKSNSDESDFMSDSDDFCKEIKKSGGHDEVSSPPLPDVKVGDMEKNTAQSNTTSSADDPMETEIDQSVVLPVSRRRQAERLDYKRLYDEAYGEASSDSSDEEEWSGKNTPIKSNEEGEVGSPAGKGSRVAHHNELTTQNTKESLHSLHGSVDEKHGDLTSNGSNIKDRKGHFGPVISQKLHEHFKTQPYPSRSLKESLAEELGLTFHQVNRWFENRRHFARLASSRKGISPDKHSPQNTNSPVTPSMQPKEPEGTVMEESNVCINRDATISKKAVSSKVGSRKNLSKSSPKSRVRS,692,0
Gorai.004G274200.1,MASALSVNSSISVRILQSSYRGRVSVAQPRYFNLLPAPQSRRRYTVAYSRRRNNQPASTEKKKRLKKEKKKGLVEKEEEDFEGDPFEALFKQLEEDLKNDNPDMEDDDDEGDEINEEDIDRLANELAEAFGDFDFEGFSSAPNDAKEEVEDDGEEDGNDDEVEERPVKLKNWQLRRLAAALKVGRRKTSIKTLAAELCLDRAVVLELLREPPPELLMISATLPDEPVKKEPEPESEPEPEPMPETKHVETLAFETTMDNVKHEPKVKEPIHVMQQRWSAQKRLKKVQIDTLEKVYRRSKRPTNTMISSIVQVTNLPRKRVVKWFEDKRNEDGVPEHRQPYRRYGSETVFSDX,352,0
Phvul.011G079800.1,MAMAVAQHRESSSSGSIDKHLDAGKYVRYTAEQVEALERVYAECPKPSSLRRQQLIRECPILSNIEPKQIKVWFQNRRCREKQRKEASRLQTVNRKLTAMNKLLMEENDRLQKQVSQLVCENGYMRQQLHTTSAATTDASCDSVVTTPQQTMRDANNPAGLLSIAEETLTEFLSKATGTAVDWVQMPGMKPGPDSVGIFAISQSCSGVAARACGLVSLEPTKIAEILKDRPSWFRECRSLEVFTMFPAGSGGTIELVYTQTYAPTTLAPARDFWTLRYTTSLENGSLVVCERSLSGSGSGPNPAAAAQFVRAETLPSGYLIRPCEGGGSIIHIVDHLNLEAWSVPEVLRPLYESSKVVAQKMTIAALRYIRQIAQETSGEVVYGLGRQPAVLRTFSQRLSRGFNDAVNGFNDDGWSVLNCDGAEDVIIAINSTKNLSGTSNPASSLTFLGGILCAKASMLLQNVPPAVLVRFLREHRSEWADFNVDAYSAASLKAGTYAYPGMRPTRFTGSQIIMPLGHTIEHEEMLEVIRLEGHSLAQEDAFVSRDIHLLQICSGIDENAVGACSELVFAPIDEMFPDDAPLVPSGFRIIPLDSKPGDKKDIVATNRTLDLTSGFEVGPATTAGADASSSQNTRSVLTIAFQFPFDSSLQDNVAVMARQYVRSVISSVQRVAMAISPSGINPAAGAKLSPGSPEAVTLAHWICQSYSYYLRSDLLRSDSLVGDMMLKHLWHHQDAILCCSLKSLPVFIFANQAGLDMLETTLVALQDITLDKIFDESGRKALCTDFAKLMEQGFAYLPAGICMSTMGRHVSYDQAIAWKVLTGEDNTVHCLAFSFINWSFVX,843,0
XP_010098082.1,MGVDMSNTPPTSHTKDYFASPALSLSLAGIFRDAGAAATAANMEVEEGEEGSCGGKKDDTVEMSSENSGPARSRSDDEFDGEGEHDDDGTGDGDKNKKKKRKKYHRHTADQIREMEALFKESPHPDEKQRQQLSKQLGLAPRQVKFWFQNRRTQIKAIQERHENSLLKSEIDKLRDENKSLREQINKSCCPNCGTSTVSRDATMTTEEQQLRIENAKLKAEVEKLRAAIRKHPLGATSPSCSAGNDQENRSSLDFYTGIFGLEKSRIMEIVNQSIDELVKMATAREPLWVRSVETGREILNYDEYVKEFNVENPSNIKGPKRSIEASREVGVVFADLPRLVQSFMDVNQWKEMFPCMISKAAMVDVICSGEGDNKNGAVQLMFAELQMLTPTVPTREVYFVRFCKQLNAEQWAIVDVSIDEVEENIDASLVKCRKRPSGCIIEDKSNGHCKVTWVEHLECQKSTVHTMYRAIVNSGLAFGARHWIATLQLQCERLVFFMATNVPMKDSTGVATLAGRKSILKLAQRMTWSFCRAIAASSYNTWTKVSSKTGEDIRIASRKNLNDPGEPLGVILCAVSSVWLPVSPHALFDFLRDESHRSEWDIISRTGSVESMANLAKGQDRGNAVSIQTMKSKENSMWILQDCCTNAYESMVVYAPVDITGMQSVMTGCDSSNLTVLPSGFSILPDGVESRPLVITSRPEEKTSEGGSLLTVAFQILTNTSPTAKLTMESVDSVNTLISCTLKNIKTSLQCEES,755,0
Oropetium_20150105_27030A,MVKKLDATVKGSSTQSSSCEAKVVKLENLLPKTLHMKPLGLGILASMGRIQEQPSGRIWFELIKHRKFGRPECPTRVADDVAPICGATTDNGSFRASRDGCEKLSEMTVTGVSYSRRSGWPCNCGARTSDGSPCMNRPVEGRKRCALHKGQRASCSPIALVAX,163,0
Rsa1.0_00008.1_g00039.1,MVVAMDQRTNVNGDARARKEEGFDPSAQPPFKIGDIRAAIPKHCWVKSPLRSMSYVVRDICAVAALAIAAVYIDSWFLWPLYWVAQGTLFWAIFVLGHDCGHGSFSDIPLLNSVVGHILHSFILVPYHGWFTEEEKGKGIQTEYQDSTVKRIKAPVLDTTRLIQDNALTLIGRVTNPREQRIWALIPSLPRKWNLQGRAVGSDLGNNCFQFRFEREDDLQRVLDNRPYHFAYWMVILQRWEPVISPTFPSQIPFWIRIKGLPLHYWHEAMVRSVGQELGVYVEQELTKTTARVRVLVDGLKPLVVQPIIEYESGEESTIYLEYERLENHCSYCFSLSHLSDYCLKKEPSITRQGEGNGTQMSKPRQVEDLEAPSDRPRSQREEYDSRRSQRVTWQRRNSQDASQLKENDIPRSERVEKAPQLFHQRLDRYRKAYGERVSSRHTRNPPPPSRTRSPTEGVGHSRDKEHVENQQIYTSPAYVKNRDHQNRRERPAFSANPRKEISQWRVKPTTMVERQSQEPTIQEAVTPISANVNRHPLQNTSVHIPTNEEVMEELHQTTLQYLSCIDPTEAAARRQRVLQGDSQGQMEQVAAGIIEAATRAAEITVHQNAVRSEENLPHQNDEASSIIGDQTTRSPEQEIRSSGLHSYAAFLRSPIENLPTNGALRNPPTDAVIPQGQKRKRTTPARLRSAIVSPKHPQGASSKKRLRALIRTSPGGATRSSGRDGTKRHTPDRNSDVVGPSRSSNQPRTNVFPAIQRLQEINRVNAPDIFFLMETKNPTEFVTKELDWLLMETYIVPPHSPGGGGLFLAWRKEVEMTINSATNNYIDTNITYKGASFQATFVYGEPDHTKRQAVWSEISSLKNVNGGAWFLTGDFNEITDNSEKQGGPARAEGTFCAFRTFLSQNDLFDLKHAGNFLSWRGKRSSHVVHCRLDRAISNTDWTEKFPSCRSVYLNYEGSDHRPLLSFCDTTRKKGHRIFRYDRRLKGNEEVEKLISDIWEGFPNLTVESRLAMCRKAISKWCRTAQVNSQKLIASLKLQLEKAMSDSREEETKIQEINTNLLKAYQAEEAFWKQRSRQLWLSLGDANTGYFHAVTKGRRAKNKLTIIEDEAGKPWHEEEQIARVISQYYHDLFTAVPFDGGPTISKALSPCITQEMNETLISNPTDEEIKRALFAIHADKAPGPDGFSASFFQSNWSVVGPATVTEVQMFFNSAELPASMNTTHVRLIPKVTGAKTVADYRPIALSNVFYKIISKLISLRLKPILGSVISENQSAFIPGRVITDNVLITHEVLHYLKASQAEKKCPMAVKTDMSKAYDRMEWDFIEQVLQRLGFHEKLIKLIMQCITTVSYSFLINESVYGNVIPQRGIRQGDPMSPYIFILCGEVLTGLCKEAERNGSLPGAERNGSLPGVRVARGSPRINHLLFADDTMFFCYSTPTSCKTLKDILLEYERASGQKINTNKSSITFSSKTPPMVKDNAKLLLDITKEGGVGKYLGLPEHFGRRKRDLFTSIVDKIRQRALSWSTKCLSKAGKMTMIKSVLTAMPSYSMSCFQIPISLCKRIQSVLTRFWWDGNDEKKKLCWVSWANLSKPKAAGGMGFRDVQVFNQALLAKNAWRIVTEPSCLLSRVLRGKYCHKEAFLDVEPSSACSHGWRSVLHGRDLLKQNLGKVIGNGLNTKIWQDAWISLDTNIKPYGPITEDASDLRVSDLLTTDLKWNTTRIEELLPEFAAKILCLRPSQMGVEDAFIWQPLNTGIYSTKSGYHSAMTPNESIIPSSNVDWYKDVWNEKCTPKLKVFVWSILQRAFPIGENLQRRGFNASVTCPRCGNQESATHLFFSCPYAKKVWSLLPLASTAHLADFASFESAIATFHQMPCLPPSGITTNILPWVCWQLWTSRNHLIFENRKFSEEEVALRSITTAREWITAQETAKISQPMIHRGSNSLRREEEDSNITKCFTDAAYDKETRQAGLGWIFSNRSALTCKGSSFQTYVNSPLMAEALACRSSLLHATSIGLRDLRIFSDNQSLVRAINSKLASKEIFGILADIKNLAASFDSISFSHIARSLNVEADTLAKAVLRDPSSALDFSLSISASPLWAISEKEMGSIPESVPTANSSTTTVVMSSIPPFLSKTYDMVDDPSTDEVVSWSSGSNSFVVWNVPEFSKQFLPKYFKHNNFSSFVRQLNTYGFRKVDPDRWEFANEGFLKGQKQLLKSIIRRKPPQVQPPQQPQVQHSSVGACVEVGKFGLEEEVERLQRDKNVLMQELVRLRQQQQVTEHHLQHVGQKVHVMEQRQQQMMSFLAKAVQSPGFLNQFAQQQSHNEGSQQHISETNKKRRLPVEDQKNSGSNGLNGLSRQIVRYQSSMNESANSMLQQIHNMSNNNNHGGFLLGDVPNPNLSDNGSSSNGPSGVAFADVSSNPAMTHHNSPCATNQVLEETNLPYPQADLLVPNQGSGSPSPDLVGCETDNGECLDPIMAVLDGSMMLETDNELLPGGVQDSLWEQFFGESSGIGDSDELVSGSVDNELIMEQLELQPNLRNVLSNNQQMNHLTEQMGLLTSDALRK,2561,0
914964,MKEQQQWVISSSFEAQCRIVGPIYGCVGIISLLQSQIQTKKNENLLAKTNLVRTTLPNSYFHX,63,0
KFK43864.1,MGPMRQKGQRHGGAVSPCAACKLLRRKCLKDCVFAPYFPAKEPYKFAIVHKIFGASNVNKMLQVLPENHRSDAVNSMVYEAIARVQDPVYGCVGTISSLHRQLEALQTQLAFAQAELVHIKTLHRFDTKPLPFTFPTNKDFSGDVDMAFVYEDGAGESLWSC,162,0
Sme2.5_00125.1_g00013.1,MDPEAFSANLFKWDPRGAMPPPSRLLEPVAPPQPTPPPLPPPPQLQPSYSMRSTRELGGLEELFQAYGIRYYTAAKIAELGFTVNTLLDMKEEELDDMMNSLSQIFSWDLLVGERYGIKAAIRAEWRRLEEEEARRRGGSNVLDSLSQEGLSEEPVQQHPAEREAAGSGTWEVVAAAAGGSGRMKQRRRRKKRGTSDEETEELGEDDTEENMNDGGGGGSERQREHPFIVTEPGEVARGKKNGLDYLFHLYDQCRDFLIQVQNIAKERGEKCPIKVTNQVFRYAKKAGASYINKPKMRHYVHCYALHCLDEDASNALRRAFKERGENVGAWRQACYKPLVAIAARQGWDVDAIFNAHPRLAIWYVPTKLRQLLHILAKLCIALISINKVAIAARQGWDVDAIFNAHPRLAIWYVPTKLRQLCHSERSNAAAAASSSVSGGVADHLPHF,448,0
Sp_002530_gmhu.t1,MPVPLAPYPTPPVPFTPPANGAQSQLVCSGCRNLLMYPAGATSVCCAVCNSVTAVPPPGTEMAQLVCAGCHTLLMYIRGATSVQCSCCHTVNLALEANQVAHVNCGNCRMLLMYQYGARSVKCAVCNFVTSIGAAASVPEQKFSNS,146,0
Gh_D12G1360,MSRRCTRPVMKRSEDPCSRQIAYSRCREGILKKAAELSVFSNADIGLLMFFPTGRLTSFANKGRQAEALLICFALVLFVFLPLLIPEEFLCQSLKHLKYEAEILDKIGSLEALEMKLLDLSRQEYEAQDKMRCYKPDMTKILTVQEAQYHQQVVINAIRQIEKLKASLNAKLLENEASTSKLKDVEMPGVEVKDSDFTAEESVNSKRKRNKSEDDEKEEAGSSAVEVPCPTPHLSISFLKIQTNWNLQKA,250,0
Potri.010G167300.2,MGRVKLKIKKLENTNGRQATFAKRKHGIMKKANELSILCDIDIILLMFSPTGKPSLCKGASSIEEVITKFAQLTPQERAKRKLESLEALKKTFKKLDHDVNIPEFLGTSSQTIEDLTSQSRLLQNQLSDVHKRLSYWTNPDKINSIEHLGQLENSLRESLNQIRSCKENLGKQHLMSLDCHTQFQNEMHVPFRMGAEQQLSPLLWIPNNDSQHIMLPEEQNLLPHRDAECTASTSFGSYSGYFGAGKNSELSSSGQESGMNGILDELNGTASLRLRLAGQYPYLPGPYNLNLLNDTKFQPAAEMNIQKGPGDFNVSGSFEAPKPEYDSGPHGWASTSGSCAVTMFDDHLYAPQPHX,356,0
Bostr.25993s0208.1.p,MVRGKTQMKRIENATSRQVTFSKRRNGLLKKAFELSVLCDAEVSLIIFSPKGKLYEFASSNMQDTIERYLRHTKDRVSSKPVSEENMQHLKYEAANMMKKIEQLEASKRKLLGEGIGSCSIEELQQIEQQLEKSVKCIRARKTQVFKEQIEQLKQKEKALAAENEKLSEKWGSHETWSNKNPESGRGDEESSPSSEVETQLFIGLPCSSRKX,212,0
Dca35398.1,MEFSSQITREEGSPSSQRKLGRGKIEIKRIENTTNRQVTFCKRRNGLLKKAYELSVLCDAEVALIVFSSRGRLYEYANHSVKGTIERYKKACSDSTGAGSVAEANAQYYQQEAAKLRGQIRTITDSNRLLSRQLMGEGLSDLSMKELKNLESKLEKGISRIRSKKNELLFAEIEFMQKREIDLHNHNQFLRAKIAENERAQQSMRLMPGGSSEYELAPPPQSFDSRNYFQVNALQPNEHYSRQDQTPLQLV,251,0
XP_009780273.1,MEFLNRCSTSTTSSSCESSSSESSLSGKTPRDGKKSERIKGPWSAEEDKILTKLVERYGARNWSLISKYIKGRSGKSCRLRWCNQLSPNVQHRPFSQTEDDTILAAHAKYGNRWATIARLLPGRTDNAVKNHWNSTLKRRYQQLLQQQNQSSVVFSDVKINGSTSESGPCMDYMNANDSPVRGNFPINNVVTTNCSREFDDPMTTLSLAPPGMGGNELPEKKTESFPAGFWDVMRDVIAKEVREYVASSFSGASTGFP,258,0
Sopen05g031840.1,MDYHGQKIEVVGRGREGGRGDSKEEIKEEEIVMDLRRGPWTVEEDFTLINFIAHHGEGRWNSLARCAGLKRTGKSCRLRWLNYLRPDVRRGNITVEEQLLILELHSRWGNRWSKIAQHLPGRTDNEIKNYWRTRVQKHAKQLKCDVNSKQFKDTMKYLWMPRLAERIQAAAATSNPTAASSSGPTTTYVQSQEIQHLLPNMNHHVPEYLPIQLMNIEKTNSLNYSATSASSDNYSSDLTDGCYNFSINQSNNQDHSQVNQSTNQLLYVESTINPTSYNFHPGFQGFQEVDQQNNTQWMENPWNIEDMCFLQQLNNDM,317,0
SapurV1A.0028s0230.1.p,MGRAPCCEKNGLKKGPWTPEEDQKLIDYIQKYGYGNWRTLPRNAGLQRCGKSCRLRWTNYLRPDIKRGRFSFEEEETIIQLHSILGNKWSAIAARLPGRTDNEIKNYWNTHIRKRLLRMGIDPVTHNPRLDLLDLSSILSSSLYNSSQMNISSMLGVQPLVNPGLLRLATSLLSSQRDQTQNFTIQNGQEKNHLSNPLAQESQYQSMIHQASIQFQTPGQEMPTCSTLTATPGVTFSSEAQLMNPNVDLYQASTIDNFSSPNSHPSAHDQWQGNGMVSNLAEDYYVPAVSSYNCNNFYGSDIVDPSSETSTFISNGSNQNFGFASVLSTPSSSPTPLNSNSTYINSSGAEDERESYCSSILKFEIPDILDAINFMX,376,0
Potri.014G111200.2,MGRHSCCYKQKLRKGLWSPEEDEKLLRHITKYGHGCWSSVPKQAGLQRCGKSCRLRWINYLRPDLKRGTFSQQEENLIIELHAVLGNRWSQIAAQLPGRTDNEIKNLWNSCLKKKLRQRGIDPVTHKPLSEVENGEDKNPPASGTQDKASAVSNTELNLLKADNSKSSGANLQEKRSSPISPNGYQLERESTSGSKVMNGNGNNTNDHVNNNLMTPTSNKDFFLDRFTASHHQGSTSNCQPSDFVGHFPLQQLNYASNARLATNSIPSLWLSQTSKAFDMNSEFSSTAIPSILPPAVTSSFHSTSMSYKPSITVSPDNPSLPSFTTNSCRLWETGTPRSNSNSNTVSNGSTELQSNSSFFENAIFSWGLGECGSAEKEAQNHLMGSQHEDIKWPEYLQNPLLMAAALQNQNQQSLYNEIKSETQVVTENSSGMWPHNHQQQQPLQNPDICPRDIQRITASYGYIX,465,0
Zpz_sc00111.1.g00380.1.am.mk,LAYEPSVTPALPGLGKYTEESRSSRARARSNALPVGSASRQSVLGRSSEESLRRYAGEAMGRSPCCEKAHTNKGAWTKEEDQRLIAYIKAHGEGCWRSLPKAAGLLRCGKSCRLRWMNYLRPDLKRGNFTEDDDELIIKLHAMLGNKWSLIAGQLPGRTDNEIKNYWNTHIKRKLLSRGIDPQTHRPLGGGGGGAPAASGLTTSSTGXXXXXXXRHQRPGQCVSSSGGSTDAPRCPDLNLDLDLSVGQPSSPPKTPAATASTPTSQQQQQRTALICLCYHLGFRGGEACTCKTASPPAFRFLRPLEEGRWNRIIEKYDINVFLVDGAGFPLGAPYMPIITAKINSLTRQYLDTWVAYAARPPPSCRHRNLDLACPPRSPSHRARPCGRGEAAGHGLMKVHFTRFLSCRSQGDLRRLPMATTSGERLGARIGRRRRRTTCDVVVAGWWADDNHRRPPHLTCRRREALCRAPAHFPHTRAPFPGRGCLPRCPRRPGAVTGGKSDRMSSRGPRKLATDDDASGLRSSCELWPAIMWQRPVRTCDFATLPIHPDSGILQLASEQQEVCCITASSQDDSRRQRVQQQLWAFCDFLSPPTYVGNHSPTFLYVVRRNAEVVAHRPIRRCRGQIRLNRGPLISMFVHRVAGTFVDFGGPLSPAGAATPEDALKC,666,0
Pbr030553.1,MGRAPCCEKMGLKKGPWTSEEDQILTSFIQKYGHGNWRALPKQAGLLRCGKSCRLRWVNYLRPDIKRGNFTREEEEAIVKLHEMLGNRWSAIAARLPGRTDNEIKNVWHTHLKKRLKDHTTTTSSTRSSSNSTSNVTSQFADEPENLNYPQPSSSDVSSSVTEVSAALSTDQDTIVVKGENMELSETFPDIDDSFWSEALSTDNSSVPLQFPRASNDEPILEFPIIKNDSEEFGFSFGLNMDDGMEFWYDLFIRTGHGGTPELLEFX,267,0
GSBRNA2T00028367001,MIVEEVSDGSVWSREDDIAFERALASYTDESEEKWEKIAADVPGKSVEQIKEHYEVLVEDVGRIESGCVPLPDYGSPEGSNGYGDDGGSGKKGGNSHAGESNQGSKAKSEQERRKGIAWTEDEHRLFLLGLDKYGKGDWRSISRNFVVTRTPTQVASHAQKYFIRLNSMNKDRRRSSIHDITSVGDADVSTPQGPITGQNNNNGSTAVAGGANKSAKQAASQPPPGPPPMYGTPTIGQPVTGPLVSAVGTPVSLPAPPHLAFGVSGAPMNMGQMPYTTPRTPTAHRX,287,0
Vradi01g10980.1,MEFLDEDARPRFVFQSAAAFGGRHGVESVIKKAKELGEKKVDDSDSYALFLKNRKALDKRVVEENGGEDSVTVEKVVENGWSSGEDIALLNALKVFPKDVSMRWEKVAAAVPGRSKAACMRRFTELKKGFRNAKAAAEX,139,0
OGLUM06G12960.1,MWKRALGLDFRGSKAAPLAPLSRRPSPSPAIRRSSAVSQRRRTARRHPAPSRGSSLPGWSPRARRTHSSSAPRAVTPTMGGEGAERRSKKKEKGKRQEEKAESGSRGDGEAVKLDLATDFPSNSMGKVAMDVEEAKEVHRRKKRKEKEKEKDHGKEKKNKVIADNIEEACAEAEQAEASGLKVEQHCSEDVQGDMSKCGSEEDKSIKKDNKLMKKKKKKERKVEMAEEGQILAGSTDENAGLLHAEMGRGEKEQGKKSKKSKRKHEDGEPVADGSAGDEIMTNRDKKRRRKEHSVELKEGDQVNISKKAVKIKGNKKRKNESDKFNPDLSTDALTGEDKVGGDGKNDKRKKKNDTSTRRNEVGRDDKNDKKKKKSKERNGGRKCEKEKAAQSKDKVRRVSFSDAVEVFSINDGEDEDNGKSAESEVVHGKRFTPEENATLMEAIMSYIEMKQLGENGLEMIRACSKHPELKGCWAEIGKSLPHRPLTAIYKRARILLYRSDERKWTPEEYEKIRRHVEKNGTSWISLAQELGKSEIHLKDTWRRIKPKNLKSVARFCISIKWKDSLQSQWTQDEYQNLFDLVNLDLRVKAHQEYDAGNRKLRDNIAWEAISDKLTTRNHKNCCLKWYYQLASPLVQKGIWADTDDYRLVEALQNVDAVCVEDIDWDNLLDHRSGEVCRQRWNEMVRYLGGHKEKPFIEQVEVLSKRYCPEMVDYREGEA,719,0
PGSC0003DMP400030610,MGRYPCCKVDEDLKKGPWTSEEDEKLMDYITKNGHTNWQLIPKKAGLNRWSKIASHLPGRTDNEIKNLWNTHLKKKLLKSGIDPVTHQPITDPNLLLSLSNLMNPFESALRLQAELTEIAKIHIIQNIIQVLNTPPPTLIPSLQENNYPMQQCYNNIIAPYDQILTNEPSPISNNLSDNMVVNSSILENNMINIVDNNSEYSSLPSLVPVTPENSVPFDQQIIDMINPSYYDDFYALEKILDDEANIIX,249,0
Jcr4S04149.40,MGNPKQKWTAEEEEALRAGVAKHGTGKWKNIQKDPEFNPFLFARSNIDLKDKWRNMSVSAGGQGLREKSRTQKPKVNSEEPATAVSSPGPLTIVQTSASVALTKSDPVVDDSSKITVDGKSAPNQSTLVSPFSRVQQRQEVPQNFRRQLSAKLRRLVAQEKLEKVENCYKIKNSPSIGTKIHTPKQKDIQPRQLQSIGCITTDDTVEEAAVAAAYRIAEAENKSFVAAEAVKEAERVSKLAEDADSLVQLAKEILERCKLKF,262,0
Csa14g011140.1,FATRASNTVVTNPILRSSSSVFFFFLVKFDSFDTVLKTKAINFSVFINTTMVKSSIINSRKRFITEGDIATLLHRYDTKTILRMLQEMAYYSELKMDWNELVKKTTTGITNAREYQLLWRHLSYREPLLPVEDDAQPLDDDSDLECELEPSPAVSHEASVEAIAHVKVLAASYVPSESDILNDTVEAPLTINVPYVLPEGTQEPSESPWSSRGMNITFPVCLQKATSTTEGMNGNGSASSSMAFRRKRKKWSVEEDEELFAAVRRCGEGNWATIIRGDFRGDRTASQLSQRWALIRKRGDTSTSVRQSGVQRTNEQIAVNHALSLALGNRLPTKKLLVGISTKTSSRGITETQANGACSSQGQQQSKPVVQALPGTATSKSRVVRKTTASSISRLDVMATANSVAVAACVGGVSTAASVPKVEPGKTDSPWPSCSLSVPKVEPGTSVTASSIIKAVGPTNTLPLANGKLKPVAASPSSRKRPLMDPRSEGSTMLSASAPLPSESRIVSNQRVFAATVLQPEPSAETVTCKPDGGQKEEARGNGASSPAAIQPNQMTSTNSEICRGKQATQAQSPNLLPRKIPVVKTAIHGATNQKLVNKQSDKTVIPSISGACSQSQAKCEVNNKVGPAIKGSSVCGKPAEVATMAGTGQGVX,653,0
Ote100018490031,MLAPGFRFHPTDEELVRYYLRRKVCGKGFRFHAISDIDIYKAEPWDLPKVWQWSKDQQSYRKRVLEDDRKGQGCLPQIADCWDEEDSCIXXXXXGRAPKGQRTNWVMHEYRLADLELERAGILQDAFVLCRVFQKSGSGPKNGEQYGAPFMEEEWLDDESEIVPKAETVEVVDFGDDAYLDGDDLDQILGSDVPSVDSPIPSNFRPADGSSIEETAESVNDDPKPLLNAGDQYHEPKQHEDKNLYDFPAPYETDVRTVKREFIGESSKSDNFDELDFLLDEPCQDSNDVPFQDIADGTPYGNVGFIQASDLSHPVDTNISPIDTLEDFLTFYDANVDNPQDFEYDPLTMLESEDLIPSQSILPPEEPKVEGEHSTLPSGPSLDKNDDDGASTSDKLDSSKYESDFQYPFLRHASQMLGSIPAPPALASDFPSKDALHRLNSLSQPSTSVHVTAGMIQIRNLTTDGIGRDHSLGKPWNLNISISFGFSRGVDGSARLESSLSLIPGKALASTLSRGWFYFMLFWVLVLSISYKIGCCVCAK,540,0
Dca58921.1,MAPVSLPPGFRFHPTDEELVAYYLKRKINGRKIDLEIIPEVDLYKCEPWELPCKSILPSKDMEWYFFSPRDRKYPNGSRTNRATKAGYWKATGKDRKVNSQVRAVGMKKTLVYYRGRAPHGHRTGWVMHEYRLDERECEIANGFQNHGEEYGTIPVEDPSILRGQHVTDEYKTDNDFHEFVNDSDPSKSFINDDDDIDNFSDTPNFDVFEEVEVNHNLYISSKWLAETRFHQVQPTKTVQVYLQRAKLSQNTPITTFKGDQCHTKPSAVCRIVRFARNCKVDGMLSNLFVARVWPSMTVVLALCTLWANQITL,313,0
Csa19g014130.1,MGGGSATSLAPGFRFHPTDEELVRYYLKRKICNKPFKFDAISVTDVYKSEPWDLPDKSKLKSRDLEWYFFSMLDKKYGNGSKTNRATEMGYWKTTGKDREIRNGSKVVGMKKTLVYHKGRAPRGERTNWVMHEYRLVDEELDKINVHQQDAYVLCRIFQKSGSGPKNGEQYGAPFVEEEWEEEDDIITFVPDPYLASEDHVYVHMDDIDQKPDNLVVYDAIPLPLNFNHGESSNNAETNYSDSINYIQPGNYVDSGGYFDKPEESSEKDQKPIIHDGDLHIDALFQDDEIGCGVQDEHTANLQSSGNIFGTDLSCYNDFPAESNYLTGGEFQDPNSNVLQNDGLYLETNDLSSTQQDGFNFEDYLTIFDEDDENAQYLTFDPSQLMGDEDVFVDQEELFQEKPDNLVVYDAIPLPLNFNHGESSNNAETNYSDSINYIQPGNYVDSGGYFDKPEESSEKDQKPIIHDGDLHIDALFQDDEIGCGVQDEHTANLQSSGNIFGTDLSCYNDFPAESNYLTGGEFQDPNSNVLQNDGLYLETNDLSSTQQDGFNFEDYLTIFDEDDENAQYLTFDPSQLMGDEDVFVDQEELFQEVDKEETTGDKQVVEEKEKDEASCSKQVDADATEFEPDYKYPFLKKASHMLGAIPAPPAFASEFPTKAAAIRLNAGQSSGSVHVTAGMITISDSNMGWSYDKIANRELILSYRLVQENASGKLGNSLTRAMLIFMCFWVLLLSVSFKVSTLVTSQX,747,0
Csa06g011390.1,MDYKVSRIGEIVKGEEVEDSEKIDLPPGFRFHPTDEELITHYLRPKVLDTFFSALAIGEVDLNKVEPWDLPWKAKIGEKEWYFFCVNDRKYPTGLRTNRATKAGYWKATGKDKEIFKGKSLVGMKKTLVFYKERAPKGVKTNWVMHEYRLEGEHAIDNLPKTAKNEFVISRVFQKRADGTKVHISGLRMFGSGVNKFEPGGLPQLMDSSPYLKSRGRDSLAGTAVGCLFSHVTCFSDDDKSLVDELKDNSKATRFGSSSTNLMPNIVSTLDYDHLSLQDDSSMLKMLLDSEETQFEKNLENSGSLESELTASSWHGHSPCSTGPVNFDNVWNFX,334,0
Tp2g22790,MEVLSLDSLPVGFRFSPTDEELVRYYLRKKINRRDDDVRVIREVDICKWEPWDLPDFSVVKTTDSEWLFFCPLDRKYPSGSRMNRATVAGYWKATGKDRKVKSGNTKIIGVKRTLVFYTGRAPKGVRTCWIMHEYRATEKDLDGTKSGQNPFVICKLFKKQDVVNGAAPEDLKSCEVEPAVSSPTIVDDMKSEVELSEVSLAFPKTEETKPSDAAESSLVISGKCHSENSALEVATTELNHIDWCSYLELEPLDCNMFSPLHSQVQSELGSSFNGFPSGSTDLFRNQNGARIQTQYGSNDADEYMFELLDSALENSYEFPEEKHLAQPTPEQIPYEPQNFVNTSNKINNDVSETGIKIRARRAQTPGCAEQFVMQGNASRRLRLQVNHNSHKSETDNPQVKDTSRGSITKECGKFMRSKSRTEFVFKKIAAMGCSYSGLFRAGVVAVVFAMSVCTLNAKFR,461,0
KHN18563.1,MENAPVVCKEDDQMDLPPGFRFHPTDEELISHYLYKKVIDTKFCARAIGEVDLNKSEPWDLPWKAKMGEKEWYFFCVRDRKYPTGLRTNRATEAGYWKATGKDKEIFRGKSLVGMKKTLVFYRGRAPKGEKSNWVMHEYRLEGKFSVHNLPKTAKNEWVICRVFQKSSAGKKTHISGIMRLDSFADELGSSALPPLSDSSPSIGNTKPLNDTAYVPCFSNPIDVQRNQEGVFDSFTNSIYAVSSNPMGILPRMPPSGSFYSTQGVQAAPNLAFPGSVYTLQDHTILRTLCENNGYKPERDMISVSQETGLTTDINAETSSNFDMGRRPFENHNHASVSVAPLDLDGLWNY,350,0
Cagra.1504s0067.1.p,MLDMAGTATTEFRWKSPPQPPPQQQTFSESDSDSGSDSDNHQHRHNDVSNSIFKAYLDCHSSSSPSSIDLAKIQSFLASSSSGAVSCLICLERIKRTDPTWSCTSLCFAVFHLFCIQSWARQCLDLQAARAVTRPSSNPTEPEAVWNCPKCRSSYQKSKIPRRYLCYCGKEEDPPADNPWILPHSCGEVCERPLSSNCGHCCLLLCHPGPCASCPKLVKAKCFCGGVEDVRRCGHKHFSCGDVCDKVLDCNIHKCREICHDGECPPCRERAIYKCCCGKVKEEKDCCERVFRCEASCENMLNCGKHVCERGCHSGECGLCPYQGKRSCPCGKRFYQGLSCDVVAPLCGGTCDKVLGCGYHRCPERCHRGPCLETCRIVVIKSCRCGGTKKQVPCHQELACERKCQRVRDCARHACRRRCCDGECPPCSEICGKRLRCRNHKCQSPCHQGPCAPCPIMVTISCACGETHFEVPCGTETNQKPPRCRKLCHITQLCRHGQNQKPHKCHYGACPPCRVLCDEEFPCGHKCTQRCHGPRPPPNREFMIKPTKKMLNIQAESTPGSPCPLCPELVWKPCVGHHLAAEKMMVCSDRTEFACDNLCGNPLPCGNHYCSFTCHPLEIKNSSLDRRSESCEKCDLRCQKERTPRCQHPCPRRCHPGDCPPCKTLVKRSCHCGTMVHAFECIYYNTLSEKEQTNARSCRGPCHRKLPNCTHLCPEICHPGQCPLPEKCMKKVVARCKCLTLKKEWLCQDVQAAHRATGSDPKEVPKNQFGVGLLPCDSNCKSKLQMAESVLQQRKVKEIEEKEEPSGKNASKRRKRRERGQDIKETTRLQKLAVATKRILMVVVLMAMLAAVSYYGYKGLLLLSDWMNELEEQRQKSRRYPRIX,884,0
SapurV1A.0027s0420.4.p,MMPAKSEKEDRRLEHRGQSPLQTNVYSQPWWREVRNSTSLVDSASKLSTVENLNGSLAKAAIQSQVNTGLQKAAMVNKDTQTDVTSQSDESNGQEHHLKHIPSPTFVTMGGHLEPNSQMELVGHSIVLTSHPYTDPQYGGMFTSYGAQAMVPQLYGMPHARMPLPLEMEEEPVYVNAKQFHGIMRRRQARAKAELEKKAVKVRKPYLHESRHQHAMRRARGCGGRFLNTKKLDNNATSPTSEKGSGDLNSSGDLEEGKESMVRGMQTPASSNGHGLSARYHSSSHDGSFLGQQKETTHGNRVSNGAVSIHX,311,0
Cucsa.307210.3,MADAPASPGGGSHESGEQSPRSNVREQDRFLPIANISRIMKKALPANGKIAKDAKETVQECVSEFISFITSEASDKCQREKRKTINGDDLLWAMATLGFEDYIDPLKTYLTKYREGDTKGSAKGGDGSAKKEAHPTPIPQMAHQGSFSQGVNYASSQSQAQHLMVPMQGTDX,172,0
Thecc1EG041051t1,MASSKKPTEEENKKKKKKSNSSPAKETKTALKKPDKKASTTEKANKSKPKPKPKPKPDSNKNKSSNGTLVESEVIAVPSSSTDTKEQEDENKTNKNVKSNKRKQKEKVEENEGEEEEEEEEEAKMCRFPMNRIKRIMKSEDSRVAIPQDVVFLVNKATEKFLEQFCEDGYKSSVKDRKKSLSYKHLSTVVHERRRYDFLSDYVPEKIKAEDALKERNLTETGAGX,225,0
Manes.02G144400.1.p,MDSKITVELMNFPKNDTDCFLMDEYFERLSELSPLESFLEFDSLSLPYDTNFGFEDYLLENGHPLSWDVDIPIDAKPLRVFTSTIDNTVKYDDDFTGTSSNEEEKRVIMGRKRSAPLEMEEIRKHFDKPITKAAKEMKVGLTVLKKRCRELSIMRWPHRKIKSLKSLIRNVKEKGLTNEAVMLEEHQRLLEKMPDMELNDSTKKLRQAIFKDNYKKRRCLEAHAX,225,0
MLOC_75135.2,MGMEILSSTVEHCSQYSSSASTATTESGAAGRSTTALSLPVAITDESVTSRSASAQPASSRFKGVVPQPNGRWGSQIYERHARVWLGTFPDQDSAARAYDVASLRYRGRDAATNFPCAAAEAELAFLTAHSKAEIVDMLRKHTYADELRQGLRRGRGMGARAQPTPSWARVPLFEKAVTPSDVGKLNRLVVPKQHAEKHFPLKCTAETTTTTGNGVLLNFEDGEGKVWRFRYSYWNSSQSYVLTKGWSSFVREKGLGAGDSIVFSSSAYGQEKQLFINCKKNTTMNGGKTALPLPVVETAKGEQDHVVKLFGVDIAGVKRVRAATGELGPPELFKRQSVAHGQHSPSLGVFAL,353,0
OPUNC04G09660.1,MVDQFADSSNNMIIEEVNKGLNPGTIVLLVVATLLILFFVGNYALYMYAQKTLPPRKKKPVSKKKLKREKLKQGVSAPGE,80,0
SMil_00010968-RA_Salv,MSTSSSSSSGGGGSSRRRMRSRKGVWPEPFVEALAFQVAIDASLHAGRLAAAQALFNIFQVCSTWRAISRSELLWQNLTRRIWNAERLRRNTWREEYISRHRTAANFRQRSYVHTTLPYIPADNINNGLSCRRLALSDDHLAAGFSDGAVYLFHLLSRLHLTTFYPHHRDRLGRFSSSVSGIILSDVRLVFATLDGDIHVTTINGGMPLRRAHIGDVVNDGALVDFTGSNRWWVGLYAGVPGRAFHIRNGETEELVFVGGTLTDPEAVMGWHLLTEMTDLIGRVRATAHQNAVACTSSRVILFDLQNQGVVVHEEELRRGIMVGCFDANGEAALITDGRGTASVRRLVDLAEACRFRVRGAAQQRGRVLGCVNGGYGVIISGGVVRVWEIERGEYLYSFRERIGDCSAIVADERYVAAAADGGIIHLWDFGGQ,433,0
MDP0000180409,MEAFGAGSRKFSSPTVSDLKAVGKKSVEWDLNDWKWDGDLFTASPLNAAPSDCRSRQLFPLGPPETPSTAGLSNTSSSGSDDICPGNEKGKRELEKRRRDSIVENVDLNNEVGSLNLKLGEQAYPIMEGEVQTGKKTKIVGTTLNRAVCQVEDCKADLSNAKDYHRRHKVCDMHSKATKAPVGNVLQRFCQQCSRFHVLQEFDEGRRSCRRRLAGHNRRRRKTHPDTVVNEGSLNDERGSSYLLISLLRILSNMHSNSSDQTKDQDLLSHLLKNLANLSGTVDGRNMSALLTASQGLLNGGASIQTAQKVLDTVSNGCEPSKPSVSASKMDDYGNREDPSRPTQQCSTVPASDFRIISSVDADHGGLQVVSGVNATKPFPSRDRVPSTSVAPEATTGRIQLNGIDLNNTYDDSQDYLASLGNSQAPVNSGTVSHGFPLRMRQDLQKSSPPQTSGTSYSTSSSSSGEVQSRTDRIVFKLFGKDPNDLPFVLRSQILDWLSHSPTDIESYIRPGCIILTVYLRLEKSTWEELCCNLGSILKRLLHAANDPFWTTGWVYTRVQHFVAFTYNGHVVLDTPLPLKSNKNCRISCIKPIAVSLSQRADFAVKGFNLSHATTRITGKILSPSSSQVALCSGREVEDHGLSSSFFPFIVAEQEVCSEICMLEGAIEGAETADDIQAEPEKLEAKNQAMDFINELGWLLHRGHTKFRLGHMDPKLDLFPFRRFRLLLEFSMDHDWCAVVKKLLGILLEGTVDAGEHPSIELALLDMSLLHRAVRRKCRPMVELLLSFVLDKGLGKTGSEDGQQVGGDGNKFLFKPDAVGLMGLTPLHVAASTDGCENILDALTDDPGMVGIKAWGNARDSTGLTPNDYACLRSCYTYIQIVQRKISKKHESRHVVLDIPGVILDSSSKKKQLDRHRSSKVSSLETERIDMKAMQAHCKLCEMKLAYGNTRSLVYRPAMLSMVAIAAVCVCAALLFKSSPEVLYIFQPFTWERLKYGTS,999,0
LOC_Os09g36160.1,MAGFPLGGGSHSRDNPAPPVPPVHPADAASFLYATRGGSFQLWQQQEQQPFYASNIIRFADDAPPAPSLAGASSSSSSRGMRSSGGGGGGGGGGISCQDCGNQAKKDCTHMRCRTCCKSRGFACATHVKSTWVPAAKRRERQQQLAALAASAAATAGGAGPSRDPTKRPRARPSATTPTTSSGDQQMVTVAERFPREVSSEAVFRCVRLGPVDQAEAEVAYQTAVSIGGHVFKGILHDVGPEALAVAGGGGASEYHFRLTGDGSSPSTAAAGEAGSGGGGNIIVSSAVVMDPYPTPGPYGAFPAGTPFFHGHPRPX,316,0
477018,MAGVSTIETEKYSLLEDFSVDVEVDDEEYESFSLCFWVYLLNSTTFPSTIIRQVHSDMSVSAPFLVLDENKKMMLLPLTLLHKEAPDPVDTSSWTQVPSVSTKSKFPLQKWVHVGCEVSRNFMRLFIDGNIEGEQFVTSLLTKNTNPKCPRKISLFSVGGDGYSVQGFIQCAQVLPASDHVEHHYMKDPPLLLSVNKSSSSGIKLDDDGVWQASCREIFSLDVVLSNAIGQPVHKDVEVVASLLYADTLVEARMSEAEAPLLVRDEGVEFSSGDRPIKLLNGRSSFKLKISQLSSKSDNRLFWIKFGIRNAKDYPFLQAVSNPIRCISISPDVRPLSVTPKRLTNIDHLSSTESPDLLHNASSVKRIRLGKESVSGSEESYQQCNSRPQTSRQFENGNGMRLHEEDNSSTDSENSEMRYTISDSTIFRYCLGNIIDKSLLLKEITNNSSDDEVLEFANQVSLYSGCSHHSYQINMARELIAEGTNAWILISRNNQHVLWDNVVYEIEEHFMRISKCSSRSLTHQDFELLRRISGCYEYVTQVNFEKMWCWLFPVAYSISRGLINGMWRSSSPKWIEGFITKEEAEHSLQGQEPGTFILRFPISRIWPHPDAGSLVVSYVGHDFALHHKQLKIDNMCESSERYMDAKPLQDVLLAEPELSRLGRIIRSHX,669,0
XP_016436403.1,MAMYYQGSSEIQADGLQTLYLMNPNYIGYTDTQQQQQQHLQQANMFFLNSATAGNLAHGPLPSQAHTQHFVGVPLPTSFHDPSRPSVHDVSASHHGLLQRLWSSDVQNSGGGGGGGGRNESQSHIPTAVVSPNCGGGTTTDFASQLGFQRPGLVSPTQQHQGLSLSLSPQQQQQQQQMNFRSFPLDHHEISPHTNHQVGILSSSSPRTNTNNNHIRGSGASSSSFSNGMIVGSKYLKAAQELLDEVVNVGKSIKEVGAKEKDKLLDNELMPLSSDVAAAAPTSGSGETSSQKNSVAELTTVQRQELQMKKAKLISMLDEVEQRYRQYHHQMQIIVASFEEAAGIGSAKSYTQLALHTISKQFRCLKDAITGQIKATSKSLGEEDISLGGKIEGSSSRLRYVDHHLRQQRALQQLGMMQPNAWRPQRGLPERAVSVLRAWLFEHFLHPYPKDSDKIMLAKQTGLTRSQVSNWFINARVRLWKPMVEEMYLEEVKNNQEQNGLEENANNIEPNKEMRTKSSSPQETTNLRKDKQISSILQDASPTEISCSTISTSPTAGSLPAQAAGFSFIGSLNMENSTSERNNKKPRNDMQNSSSSILSMETEMKAGNTRKGEKFNGDNRQARDQSYPLMTAYSTMGEFGRFNPEQQMATRFQGNGVSLTLGLPPSENLVLSGNQHNFLPNQNIGIEMGRIETHYNRMTNPQPSHPSITYENIDFQSGKRYAAQLLPDFVS,731,0
Cucsa.076020.1,MELTDMQQQSNKQQQQQQQHHHHHHLHHQNQTQKLGSSQSQSQSQSQSPSPSPSHGHPFDARSPPSSAGGGGGGAGGAGGGGHPTFMASTSASSAATHHLDASLVIATRSDTTAAADPSPRSTSTANAANKRSTKDRHTKVEGRGRRIRMPATCAARVFQLTRELGHKSDGETIEWLLQQAEPAIIAATGTGTIPANFSSLNISIRSSGSTLSAPPSKSAPHSFHGAALALAHHPHAYEEGFAHAALLGFHHQQQQQQQHHLNLMTADQIGEGLPSGGGESTDNYMRKRFREDLFKEDTQSPGESSGGGGSPKAMKTDLQLEKQQQQPSASSSGLLRPGAAMWAVAAPGPSSGASNTFWMLPVTAGSGGGNVGNSSGGGGGGGGGGGGGLEAHQMWPFSTSGNTLQAPLHLMPRFNIPGGVEIQAAAAAAAAAAAAGGGRGGGGQLQLGSMLMQQAAGGGGGGLGVSETNLGMLAALNAAYNSRSGSGFNINSDNHPLEHQQHQHQHHHHHHHHHNPAHNTNTDHNSGDEAPNTSQX,537,0
MLOC_14207.3,MSFSTSNTEEYSDEDDSSDDEGTDDMGGGADERGKRKRTSEGGAAAATGGEAGSGKMMRFFEGLMKQVMERQEAMQQRFLEAIEKREQDRMIREEAWRRQEMARLAREQEILAQERAMAATRDAAVLSFIQKITGQTIPMPSIAAQAITFMPPPPPSQPHASPIAYSAAPVPPPPSSSQPPATHSQPQPSPRQHKPPTMPPVTPQPHKSPAPATPQLQQQAPAVNSSCMDIVVTPSEAPHDSSGYDGSGGGSGPASSRWPKTEVHALIQLRSNLDMRYQEAGPKGPLWEEISAGMRRMGYNRSSKRCKEKWENINKYFKKVKESNKKRPEDSKTCPYFHQLEALYRNKAALSSPSGAGSPLSLPPPAEHANAAPQDRIEAFTVAAPISQTSPQQHAVAPVGVAKTDASNAGNGNSNGGNASEGVSGGVQRVASNGGSRFVFSEAGGNKAAKKKLEGIMKETTTMEQRQPQPQPQPQPQPQAAQQALLNSYNRTGGGGADSDNMDEDDEDEDDYEDEDEEDDLDGNKTQYKIQFQGQQQHQNQHQQHHHNVVRPNATSSSGGGNPPGAAAAPSAPAPATTTAGSFLGMVQ,589,0
Rsa1.0_01036.1_g00010.1,MEFGGVTTTTSAATAEAPPPPQSNDAAATEAAAAAATVGAFEVSEEMNDRGFGGNRWPRQETVALLKIRSDMGLAFRDASAKGPLWEEVSRKMGELGYTRNAKKCKEKFENVYKYHKRTKEGRTGKSEGKTYRFFDQLEALESHQHQQQQHQPLQPQPPLRSHNNNSSMFSTPPPVTAIIPPTTTPSFPNISGDFLSEDNSTSSSSSYSTSSDADIGGRNKKKRKRKWKEFFERLMKQVVDKQEELQRQFLEAVEKRERERMVREESWRAQEMARVNREHEILAQERSMSAAKDAAVMAFLQKFSEKPSQSTAPPQPQPQTQVNNNNNQTPQPPQPPQPPPPVPQPVVVQTLDIVKTDNGEQNMTTPVSASGVSSSRWPKVEIEALIKLRTNLDSKYLENGPKGPLWEEISAGMRRLGFNRNSKRCKEKWENINKYFKKVKESNKKRPQDSKTCPYFHQLDALYRERNKYNNSLASSSSTKPDNSAPLMVQPEQQWPPPATVAHPPPAQPLDQNFDDDEGTDEEEDYDDEEEEEENGEEEFELVPSNDNKTTNNV,555,0
SapurV1A.0032s0720.2.p,MGKGSKINCKSASHKLFKDKAKNRVDDLQGMFLDLQFARKESRMVDVAVLEEQVHQMLREWKAELNEPSPASSLQQVIIEYHIPFIVHGGSLGSFSTDICRLLQLCEEEDDATSALAAPKLEPNDQRLQVGNNVVFQEGYGVNHGQQEHVFPFVDQCKASPSGDRSMVINSVEGVAQLEYHDFDLPQNSEQNFYTGFNGMDLGEDATHLVSSYLPSMFLPPSAFLGPKCALWDCSRPAQGGLDWFQDYCSSFHHAVALNEGPPGLSPILRPGGIGLKDGLLFSSLSAKVEGKDVGIPECEGAATAKSPWNAPELFDLSVLKGETIREWLFFDKPRRAFESGNRKQRSLPDYTGRGWHESRKQVMNEFGGLKRSYYMDPQPLNNFEWHLYEYEINNCDACALYRLELKAVDGKKSAKGKVANESVADLQKQMGRLTAEFPAEHKRAVKGRTKVNSKASVGNVYSGSTRVAPPTNEAYDNGSGPHYDYLTENLGDYYLTQFKKPX,503,0
XP_013635058.1,MASSNRHWPSMFKSKPHQHQWQHDMNSPLLPSPASHRSSPFTGCEVERSPEPKPRWNPKPEQIRILEAIFNSGLVNPPREEIRRIRAQLQEYGQVGDANVFYWFQNRKSRSKHKLRLLHNHSKHSLTPPQPQPQPQPLSSASSSSSSSSSSSKSTKLPKTKNKKNNNNTNLSLGGGSQMMGMFPPEASFLFPASTVGGFEGIPDSSQLGFFPGDMVEQPKPAPPTVGPCTGILLSEIMNSSVSYGTHNHQQLSEKEDEEMRMKMLQQPQICYAATSDQISSYNNNNNNIMLHVPPTASTTTTSNPLAIVPSTLDQLQVQAGARIRVFINEMEFEVSPGQFNVRDAFGEEVVLINSAGQPIVTDEYGVAIHPLQHGASYYLI,381,0
XP_009149369.1,MEKDDFLKSRHGGEERHAEMRKLDASHDDPHQDIIRSKMNDGCQWRKYGQKIAKGNPCPRAYYRCTIAPSCPVRKQVQRCSEDMSILISTYEGTHNHPLPLSATAMASATSAAASMLLSGASSSSSAAAADLHGLNFSLSGNSNIPKPKSPFLQTSSSGHPTVTLDLTTSSSSQQPFLSMLNRFSAPPSNVSRSNSYPSTNLNFSNSTNTLMNWGGVGNRNEQYRAAYGNISTLQQSPYHHVIQTRIAGSSLDPFGRSSSYSPHPTQTNLDYVGIKSITHQVQYLPAETIKAITTNSNFQSALATALSSIMGTDVKMDNVTRNEAEKSP,329,0
Pp3c3_15040V3.5.p,MAERLALDEEGGDDTGSNRESSFLSQDEFQRKSERSGREVASPVNSTGIAGLQLNFDLVTMSPNPAMNPFLVDSSSYAAESPWMALRELEQQRTATSQSHSSHDVGVRQGCEYAKEMARTPSDTILHAELETDWFRSSDNHFGPECAASLSEDIKIGSTHPGHGNIQEAGMRHAQGEDMVESRMDRESSSPFMAVHEADGSAATQPNNVELSQNSSLSLSGSGGDSDEEWVRNAVVSSEAGERSGKRKSPNSSATGEFREADFDKPSSDAAELMQSKYSESATLRRRKKNVKTLRKPIYAIETRTDVDIMDDGFKWRKYGQKAVKNSPYPRNYYRCTTPQCPVRKRVERSCEDSGLVITTYEGTHTHQTPGLFSHPSAASGHGLPESKNPLGHGFEHFQIPRSPSLLPHPTEVSALAVLQHMRIMQQLQDMSQQQIAPPDPLLAGSLQQESLLRAQQFLGLYDHPTGAIDRESFQYLPHARGSVSHAPSPYPSRPSFHPTSETILDRMHMLITPQHMRSRGTPEQSLHPATMDLDYHGYQHQMTSSPSQCDDLVRRVLEAEEEGPVDVDVRDGSLSSDAKSDPASASSETRTATQSDFVTQLQTELRNRMEKTFLPSPTPPPPKGSVRRRWSKTMRNRGCEEX,643,0
TRIUR3_24321-P1,MDEQWMMGQTSLSLGLNVGRPTARRGAPPVTKILVEEDFMSSKKNHEVEALEAELRRVGEENRRLSDMLRALVANVNVGPDQAECTSVHEPGNSKRVRADECKASRVSKLYVHADPADLSLVVKDGYQWRKYGQKVTKDNPCPRAYFRCSFAPSCQVKKKVQRSAEDKTVLVATG,175,0
SMil_00012644-RA_Salv,MSEDFTADFYYRHPFQDDQRRTTTTAAFTYSGSHSSAYANDISSTFSADHSSVVDNNLQMFDPTYASFAEFLHGSNDHTSFSAAFGLSPSSSVAVEDQHTPAVEAARGGGETTPATPNSSISSSSAEAAAADEDLNKGKKEAKETLEDADGDSSKKDSKTKKKAEKKQRQPRYAFMTKSEVDHLEDGYRWRKYGQKAVKNSPYPRSYYRCTTQKCPVKKRVERSYEDPSIVITTYEGQHNHHVPATLRGNAAAMFNPSMLAPPLNIPSEGQGFPQELLLQMPHLYGGGGGGGASNMFHQQSFSNPQFHQFVDYGLLQDIIPSVFPKEEP,329,0
MELO3C022122P1,MSTSRMMKLTRLFSRNQLFEQIVCKKDGYVGHPLGSHPFSTRAGIPNITQNFTHTVTKNAGGRAFVSYHVYKGKAAVSIEPCMPTFTKVESGNLIIDRRGSIMLTFAPAMGERKYDWTRKQLFALSATEVGSLISMGPKDSCEFFHDPGMLSSTAGQVRKNLAIKAHTDGNGYMISLNVVNKPQNTNDFLSLPFTTGEFSVLKTACSFALPSLLGWDRVFNPNIGMGNGFQSKRIDREALSLEWERX,247,0
Gh_D07G1125,MSMDLTSERVWYVHCNFCNTILAVSVPCNSAFNIVTVRCGHCANLLSVNMGTSLQTVPSQDAQKQQITIDEDHSNKECGSSSKCNKFSAVDSTEQEATRMPPIRPPEKRQRVPSAYNRFIKEEIQRIKASNPDISHREAFSTAAKNWAHFPHIHFGLKLDGSKQAKLDQGYADQGSQKSNGYC,183,0
Lj0g3v0268879.1,MRKSHVVVRRVESPTGRNVRYGECQKNHAVNVGGYAVDGCREFMASGAEGTSVALTCAAYGCHRSFYKKEVWPEAECDCSSSPSASGR,88,0
Eucgr.I02518.1.p,MEVTTMRGLPDMGVEDSGFINPWQMHSFDELHTLPLAAALGEHMQGFFPQPNINFKASADASNSVINRPVKQLKTNSWDSCRVDPVSTPQSFSPSNVLSFVSSNFTNQSSVVKPKEEAIGSKSVGNVSSDMLFPQGSFGNQNYVLKACHGGKRVSTNNSLSQTQDHIIAERKRREKLSQRFIALSALVPGLKKMDKASVLGDAIKYLKQLQERIKILEEQTRKRSMESVVFVKKSQVFEDGMNSSTDENFSSGPCDELLPEVEARICDNDVLLKVHCEKSKGVLEKIIGEVEKLHLTIINSSLMTFGTSAVDITILAQMNPEFCMPVKDLVKNLRTAFKSFMX,343,0
Pahal.F02018.1,MWEAGGVHGSHEALLLQAAGSGAGGDYGHAGPALLPWLGPAAAPGFSYMAPHHQGPAFGAEAAAGAFGFGGGYGGDGGGAGQLGVFGLEPPLPPPPQGLLAAAAGGGGALPQGPRMVSGLLGTLQAELGRMTAKEIMDAKALAASRSHSEAERRRRQRINSHLARLRSLLPNTTKTDKASLLAEVIEHVKELKRQTSAVLGAAAEGEGEEAAARQHLVLPTESDELAVDAGEDGEGRLVVRASLCCEDRAGLIPDIARALAALRLRARRAEIATLGGRVRNVLLITTAAADEDEEGRGQGDDDEEGGGDDADGCGARASSHHRRHELVASIQEALRGVMDRKTASSDTSSSSGGGGGSIKRQRMSGAHEQGSLX,374,0
413232,MATAAASWVVEHCTQAAFEDEHKTRICKVPDPSCSCSTSREGSLDSEICFSSPPPQHQDVVGGSSNHFLDFGIDHHQQHHPHLINLLSDHEWINFLRWRSWQIESSSSNSAAAMPVEFPPSATDFSQLELFPSNLEPGLSLPLTSFSSHHSHQSSTVLEQFPQCLEIPSAATPLSSCPTLYDEAGYQDPFLAAFSSSTLHHAVDPNRRIDNVDTNHALVASNHPGIMTPCSTDQGDKGIISGKKAKPSSSSTSVSNESVNRSSVVDGPRNPRKRRALEDRQDAASSKQQKKIGSSSSSPAWAIDAAVALGSQEPIIHISHGGRTTPHDHELILQQIAAASSSSGKAPRVPALNTNFKPRARQGSANDPQSIAARHRRERISDRLKILQELVPNSTKVDLVTMLEKAINYVKFLQLQVKVLTSDDYWPSGATWQNSSKADTALX,443,0
Gh_D11G0826,MSQCVPSWDLDDHHVTARHSLRSNSNSTAPDVHMSDYEVAELTWENGQLAMHGLGPARVPAKPLVSNPPSKYTWDKPRANGTLESIVNQATRVPYLKVSLDDGRDELVPCLNKHREAAASSATIAMDALVPCSKRTEGRTAHAMESIPGLGRTCLVGGSTRVGSCSGRAGTNDDEVLVSGKRTRAARAPLMPEWSSKEQSASASATFGRERDSRCVTLDTYEKDFGMGFTSTSLGSPENASSTKPCTKATTTADDHDSVCHSRPQAKKEFEEDKKETGKSSVSNKRSRAAAIHNQSERKRRDKINQRMKTLQKLVPNSSKTDKASMLDEVIEYLKQLQAQVQMMNRMNIPQMMLPMAMQQPLQMSMLAPAMGMGMGMGMGMGMGVMDINTIGRPNITGISPVMPNPFMAMTSWDGSGERLQQAASAAAMMPDPLSTFLACQSQVTFVSHHVCVYRLSILLSKINRTLLQPMTMDAYSRLAAMYQQMQQPPASGSKS,496,0
Peaxi162Scf01161g00122.1,MGSKENGDMRLQQRVGDTSFRADSMSNVDPFSSSGWDPLLSLNQKESFKGSSSVVGHNEFANLPYSSSHFVHYPSDPNLVDMVPKIPSFGNESYSELVNNSFPLHEQQLRGSSCYPNYVKNRGIPTEGTFTKGPHSQEECQISGEGVVEASPNGKRKISENHSLSNASKNVEGELPKDPSRDSSECSKDQDGKRYKIDRSKQAGKQVKEDSDGGEAPKDNYVHVRAKRGQATNSHSLAERVRRERISERMRLLQELVPGCNKITGKAVMLDEIINYVQSLQQQVEFLSMKLATVNPELNFDIDRILSKEMLHQQTSNAALLGLGPGMNSSLPFPGISHGSFTGIPGTTPPFHTLPQNVWDNELQGLLQMGFDSNTSMNNMGPHGRSKLDL,390,0
cra_locus_10414_iso_8,MNTSLPEMLHYLNTPENFNRGGGGGGGGGAAKMSVLERQQARNKWQQEQLQLQQLPIDYFGSDAQLNVFSVSAQSQHFQDLSNDQNLGGILTQAMKPDPGLADGIIHFGSIGRDNSSYGVRGYGNFTSFDVNNAVSRTASCPPAVAAAMAELATKGKETVLPEKLSSSSGRESFKKRKADKNHNPKAATEEENEEKKLKGNTEEKDAKLTAEQKSIIKNTANNNNNKTEPSDTSKENSKVSEVQKPDYIHVRARRGQATDSHSLAERVRREKISERMKYLQDLVPGCNKITGKAGMLDEIINYVQSLQRQVEFLSMKLAAVNPRLDFNIDNLIFPGTTPEX,341,0
GSMUA_Achr10P19850_001,MEAPVSNSEHASAALSESGLRVLEIKKNSSNRSGGGKRARGNSRKAEKLKEVVHVRARRGQATDSHSLAERVRRERINERMRCLQGLVPGCYKAMGMAGMLDEIINYVQSLQNQVEFLSLKLSAASSFYDCCFDMGMETLSTLQAGDGQETDEAAVRPLYFFLCLPCLHLSTLTQYLMLLSISTEWQEISHVF,193,0
KHN05467.1,MDCTAARKTQKADREKLRRDRFNVQFVELGNILDPDRPKNDKATILGDTIQLLKDLTSEVSKLKDEYATLNEESCELAQEKNELREEKASLKSDILKLNNQYQQQLRTVSPWTATDHSIMLAPPSYPYPVPMPIPPAPIAMQPYPFYANQHSAIIPNPCSTFVPYLVPNTLTEQRSTQYMSPPVHPGFRSHVSGKQESRNKSSKESKAEKHEDSNDVTLTPGSSADQDLSSGQRKSSKLSRKESSCTEVSSLDRCSLSCSVQDSSSSSVVHKHKG,275,0
Kalax.0147s0016.1.p,MIFIAQGIDEDSAQIYDHINLLTDSVTEFKFPSSPAPSWEDEKPLKSCHLPKECNDSASWTDANIQTCESIRKPKLEPVSSSSFSQIISFGNSGKSDESLYAGGLNDIVQRSGEATYGHICESNKPALRRQNNYLTSTGSGRTERMITSFGQQDHVVAERMRREKLNQRFIALSALVPSLKKMDKASVLAGAAKYLKELQERVKALEKKTAQKEVEPVMSVKKSRLSFTDETSSTDESSETEQLSSDCSLPEIEARICGESVLIKIHCESSPGLAGNILVEVEKLKLAVVSSHTVPFGTHSTDITIVAKX,310,0
GSVIVT01009665001,MGDGEESTPPKSSKPPASTQETPSTPSYPDWSTSMQAYYGAGATPPPFFPSPVAPPSPHPYLWGGQHPMMPPYGTPLPYPALYPRGALYAHPSMATAQGVALTNTDMEVKTPDGKDPASIKKSKAASGNMGLISGKSGESGKAASVSGNDGASQSGESGSEASSDATDENANQASSAVKKRSFNLADGSNAKGNSAAQYTGGNHSASVPGKPVVPMPTTSLNIGMDLWNASPAGGTPMKTRPQSSGASPQVASATIVGREGMLQDHQWIQDERELKRQRRKQSNRESARRSRLRKQAECEELQSKVEILSNENHVLREELHRLAEQCEKLTSENNSIMEELTQLYGPEATSSLQDNNHNLVLHPINGEDDGHVQDASPLNNSSSTSDQNGKFSSNGKIX,399,0
Niben101Scf01784g03001.1,MGSNLNIKNRGNEPPGESGSGGAGVPLVRQSSVYSLTFDEFLRGSGKDFGSMNMDELLKNIWSAEESQNMGTSGVGGQEVGVPGGNLQRQGSLTLPRTLSQKTVDEVWKDMSKEYCGGKDGNGDLGLSNMPRRQQTLGEMTLEDFLVRAGVVREDAQLDAKASNVGVFGDMSHAGTSLGVGFGYQQSNGNTAMVASRNIDNNSGIGVRSGNLPLNVNGIISVQQQQGTMQLQQQPQQQQQQQQQPLFPKQLGLAYGAPMAIPTSGQLGSPGIRGGIVGISDPALGSSLVQSAALTGGGMNMVGFGAGGVTSATGSPAVSSDGLGKSNGDTSSISPVPYVFSGGLRGRKGGAVEKVVERRQRRMIKNRESAARSRARKQVISLESYR,386,0
Prupe.4G172000.2.p,MAQLPPKIPSMAQNWASFPHQRLPTTANFIPTTTTSAAVQPPSQPQCNWIDEFLDFSSARRGVHRRSASDSIAFMESPLTLEEECRNPSTAMMHHGSTNNLCFDRLDDEQLMSMFSDDMSVTVPPTVSSSNPSTPSDQNSNNDENNNNNNSNKLLMAHQEQQHQQHPKSEPGEDESSCEADPHAQSHPPPPTSPADPKRVKRILANRQSAQRSRVRKLQYISELERSVTTLQSEVSALSPRVAFLDHQRLILNVDNSALKQRIAALAQDKLFKDAHQEALKNEIERLRQVYHHQSLKKMGNQNAQQQQHQQQQQPNPDIMVCTDHNEQQILNX,333,0
Medtr2g086390.1,MALQKFEQEDQNSALSLTLDDFQCNNDKNFSSLNMDEFLASIWSSNDEDTAQTHNNTESVATAEHTISQQLGNSSSVPPPICKKTSDEVWSEIHKNQPQFKEANNLKRNETLKKQETPGEMTFEDFLVKAGVVKQSSSLSFQNHSGNVSNNMEPLNIASSGLRPSMEVGFPTQCVTSNSSATYQMTSGAESSGAANRKRIIDGPPEVLLDRKQRRMMKNRESAARSRARKQAYTIELEAELNLLQEENKQLKQFLAEAERKRKQELLQRKQSAKVQKGTEKSSSSTTWX,289,0
Peinf101Scf00661g01007.1,MASSSGTSTSSSILQNSGSSEDLKQIMDQRKRKRIISNRESARRSRMKKQKHLDELTVQVTNLKKENCQILTNMNVTTQHYLNVEAENSIMRAQVVELSQRLESLNEIITFLNVNGNGHDEENNYTFNITQNVSLADGLTMNNSWNNVYVNQPIMTSDILQY,162,0
