,id,sequence,length,class
151,GRMZM2G094935_P01,MEKKTVHVPAEGNGEIENGTSSSQNPETLEHPVLLSASQTVPNNLGIRKNYKRAANRGKKGSQGLTGQAYTLRSSDIDVRVLRSTSGSKTTSTEHVQPPGQPAAKRRKRSRASNKNSTDEFSQIRKRVRYILNRMNYEQSLIEAYASEGWKNQSLDKIRPEKELERAKSEILRCKLRIREVFQNIDSLLSKGKIDESLFDSEGEISCEDIFCATCGSKNATLGNDIILCDGACDRGFHQNCLNPPLRTEDIPMGDEGWLCPACDCKLDCIDLINELQGSDISIEDPWEKVFPEAAAMANSSKQDEAFDLPSDDSDDNDFDPNMPEEHVASKEEGSSEEEEDDDGGSDSDDSDFLTCSDDLEPLIDKKNVDDLGLPSEDSEDDDYDPAGPDSDKDVEKKSNSDESDFMSDSDDFCKEIKKSGGHDEVSSPPLPDVKVGDMEKNTAQSNTTSSADDPMETEIDQSVVLPVSRRRQAERLDYKRLYDEAYGEASSDSSDEEEWSGKNTPIKSNEEGEVGSPAGKGSRVAHHNELTTQNTKESLHSLHGSVDEKHGDLTSNGSNIKDRKGHFGPVISQKLHEHFKTQPYPSRSLKESLAEELGLTFHQVNRWFENRRHFARLASSRKGISPDKHSPQNTNSPVTPSMQPKEPEGTVMEESNVCINRDATISKKAVSSKVGSRKNLSKSSPKSRVRS,692,0
26,Csa11g016840.1,MATSLFFMPTDQNSVGNPNELLRISTNLGVVNSSGEIRTTEPQTQKSRGRRPGSKKGQQNQKKPTLRGMGVAKLERERLKTEAAENKQIAATLVGDSPVATPMNPNNAARLLPVPVDPVLVLQGFPSSLGGCRNNRIYCGGVGSGQIMMGPVCSPNWGFVETSPHHHELSSIPNPQMYNAISDPRCDTCFKKKRVDEDQNNVVRSNGGGFSKYTMIHPPPMNGYEHLLQPDYQRSSSQGFMYDHHHRIARSAPPSAASTNPYLNEATNHTVSMEEYGSGYMEGNPRSGWGGGVKEYEFIPGKYDDGFPGKYGKRVSSMGTTSVLGDCTSSSTIDLSLKLX,340,1
20,XP_013591504.1,MATSLSFMSTDQNSSLSFMSTDQNSVRNPNELLRNTYQLVNGEIRTEPPKKSRGRKPGSKTGQQNQKKPTLRGMGVAKLERVIAEEEKKKTVVVGGEGDTSAASPNVNRLPVLPDRGVVLQGFPSYGGGPHNTSLGGYTRSRFLCGGGAGSGQIMIDPVCSPWGFDETSTHELSSIPNPQMYNASNNHCDTCFKKKRLDGDQNVVRSNGGGFSKYTMMIPHPPPPMNGYDDQRSQGFFYDQRIARSAPVSASMNPYFNEATNLTGSTEEFGCLNPRNGTRGVKEYEFFPGKYDDFQGKSFPVATSVGDCSPNTIDLSLKL,320,1
109,Neem_905_f_2,MNNNMSNNDLTNHMDSSWLGFSLSNNNITLQSSSSDSSHLCLIEAFTSTATAPTSSGNVVDAPREEDATAITGATDLSIFTGSPKLEDFLGGSCATGTTAPPQQQQQQLPQFSTGTTPLTASTNTHEIYDSELKTIAASFLRGFSTEQIETQKQQPLVPLVAAEQPTPKKSVDTFGQRTSIYRGVTRHRWTGRYEAHLWDNSCRREGQSRKGRQALKYWGPTTTTNFPVSNYEKELEDMKNMTRQEFVASLRRKSSGFSRGASIYRGVTRHHQHGRWQARIGRVAGNKDLYLGTFSTQEEAAEAYDIAAIKFRGLNAVTNFDMSRYDVKSIANSNLPIGGIAGKSKNSSESASDSKSIDGSRSDDRDISSASSLAFASHPATSTLSFGLPIKQDPSDYWSNIFGYQNSSTTINNSKNLNITTPTLFHQLSGTNGSTTFQNPPSFHMDFSANSSVNESNNGLFNVGNYVHQQQHSGVSTSTTATATTTTPAPTTSSIPFATPIALNSTSGTNYESSSGYGNWISPTLHSFQSAKPNLSVFQTPIFGME,547,0
134,Csa03g016350.1,MMNNDEIVLAEMRPKKRAGRRVFKETRHPVYRGIRRRNGDKWVCEVREPTHQRRIWLGTYPTADMAARAHDVAVLALRGRSVCLNFADSAWRLPVPESNHPDVIRRAAAEAAEMFRPADFGGGITVLPFSGDEVDLGSGSGSGSGSEELNSSSYGYGDYEEVSTTMMRLAEEPLMSPPRSYMEDMTPNVYMEEETCYEDMSLWSYNYX,208,0
168,Potri.014G111200.2,MGRHSCCYKQKLRKGLWSPEEDEKLLRHITKYGHGCWSSVPKQAGLQRCGKSCRLRWINYLRPDLKRGTFSQQEENLIIELHAVLGNRWSQIAAQLPGRTDNEIKNLWNSCLKKKLRQRGIDPVTHKPLSEVENGEDKNPPASGTQDKASAVSNTELNLLKADNSKSSGANLQEKRSSPISPNGYQLERESTSGSKVMNGNGNNTNDHVNNNLMTPTSNKDFFLDRFTASHHQGSTSNCQPSDFVGHFPLQQLNYASNARLATNSIPSLWLSQTSKAFDMNSEFSSTAIPSILPPAVTSSFHSTSMSYKPSITVSPDNPSLPSFTTNSCRLWETGTPRSNSNSNTVSNGSTELQSNSSFFENAIFSWGLGECGSAEKEAQNHLMGSQHEDIKWPEYLQNPLLMAAALQNQNQQSLYNEIKSETQVVTENSSGMWPHNHQQQQPLQNPDICPRDIQRITASYGYIX,465,0
118,PEQU_14966,MEESTIMKEKRTKQQRHHLLPHVISPILSPTTLLEISESPTEEEEEMANCLIFLAKGGYKPKLNEIEEATTAVNLTGRVTEPTTTATGKTENNVHKCRDCNMSFSSHKALGGHRASYNKKLKLSIPLASKVLNEFPFTSSVMIKVKSHKCYDCSSEFSSGQALGEHMRKHRQLITPEQTKKEDNSKAFYLDLNLPPPCDD,200,0
16,GSBRNA2T00042253001,MATSLSFMSTDQNSSLSFMSTDQNSVRNPNELLRNTYQLVNGEIRTEPPKKSRGRKPGSKTGQQNQKKPTLRGMGVAKLERVIAEEEKKKTVVVGGEGDTSAASPNVNRLPVLPDRGVVLQGFPSYGGGPHNTSLGGYTRSRFLCGGGAGSGQIMIDPVCSPWGSVETSTHELSSIPNPQMYNASNNHCDTCFKKKRLDGDQNVVRSNGGGFSKYTMMIPHPPPPINGYDDQRSQGFFYDQRIARSAPVSASMNPYFNEATNLTGSTEEFGCLNPRNGTRGVKEYEFFPGKYDDFQGKSFPVATSVGDCSPNTSSTIDLSLKLX,324,1
23,XP_009137653.1,MAASLFFMPRDQNPNEFLRNTYLVNDSSEIPTEPPQNSHGRIPGSETGNQKPKKQVLRGMGVARLERLRIEEEWKNMVLAQGGRGASPNATRSPDPGVVLQGFPSYGTGGHNMSVGGYTRNGSGQIPVYSPWGVVGTSTHEPSSVPTPQVYNPSNIHCDACYKRQRINEEVRANGGGFPHFLPPDQRSQGFFYDHRIARYPASPSASTNQGSMEEFGSGSPRNGTGDVKEYQFFPGSDGNKSVSSVSTSVGDCSPDTSTIDLTLKL,266,1
125,Pgl003891,SVLIXMKTGICKFGSKCKFRHPKDXVGNFKSDENVDGSEVKPATSDVVTLPERPGEPECAFFVKTGICKYGAKCKFDHPKDKGGSLKISEHKGEGDSAITVGTEGQGVSGVVNGKTENIAAAIKPATMHNTKGLPIRPGEPDCPFYVKTGSCKFGSNCRYNHPDRILVNTPPAIMPFAAQDQPLVGYSGMLPQHSLGAPIPPQRPGEPECTFYIKTGECKFGPSCKFHHPLNRPDPSVKLTLAGLPRREGETICPFYLKTGVCKYGVNCKFDHPPPGELDTARAQPPVKLTLAGFPRREGEATCPFYMKTGTCKYGATCKFDHPPPGEAVAKAVAMAVTTEDNLEDEDKMGSGNVVGAKATDENLKV,367,0
197,Rsa1.0_01036.1_g00010.1,MEFGGVTTTTSAATAEAPPPPQSNDAAATEAAAAAATVGAFEVSEEMNDRGFGGNRWPRQETVALLKIRSDMGLAFRDASAKGPLWEEVSRKMGELGYTRNAKKCKEKFENVYKYHKRTKEGRTGKSEGKTYRFFDQLEALESHQHQQQQHQPLQPQPPLRSHNNNSSMFSTPPPVTAIIPPTTTPSFPNISGDFLSEDNSTSSSSSYSTSSDADIGGRNKKKRKRKWKEFFERLMKQVVDKQEELQRQFLEAVEKRERERMVREESWRAQEMARVNREHEILAQERSMSAAKDAAVMAFLQKFSEKPSQSTAPPQPQPQTQVNNNNNQTPQPPQPPQPPPPVPQPVVVQTLDIVKTDNGEQNMTTPVSASGVSSSRWPKVEIEALIKLRTNLDSKYLENGPKGPLWEEISAGMRRLGFNRNSKRCKEKWENINKYFKKVKESNKKRPQDSKTCPYFHQLDALYRERNKYNNSLASSSSTKPDNSAPLMVQPEQQWPPPATVAHPPPAQPLDQNFDDDEGTDEEEDYDDEEEEEENGEEEFELVPSNDNKTTNNV,555,0
74,Potri.001G414900.1,MATSLSLFLMPSDDRKQESTLAISTEPAEPTRTTTTTRTRKPAANKCQTRKKQPRRGMGVAQLENLRIQERWKAITETKQIGSLNLQPTKQLHVFDPFNNNNDDNQMAQYGTTVNHGVPMRNNGVVFNGFLGWDHQGGVVVKRVDEFNANNNGGFGCQVLVNPYMVGSAPVHQAGAPAPAPAAAVLLEASKELSSIPKVMQQQKQYEPTRCDLCFKMGGFSARAATSAFYAKYHNHNNNEGVEAMEAHRKGNNAMGRKVIMEYELFPGKNGKSTCFKDMEFPTAEASVAVGTGEASCVTTYSDYSASDASNSIDLSLKLSCX,322,1
164,Dca35398.1,MEFSSQITREEGSPSSQRKLGRGKIEIKRIENTTNRQVTFCKRRNGLLKKAYELSVLCDAEVALIVFSSRGRLYEYANHSVKGTIERYKKACSDSTGAGSVAEANAQYYQQEAAKLRGQIRTITDSNRLLSRQLMGEGLSDLSMKELKNLESKLEKGISRIRSKKNELLFAEIEFMQKREIDLHNHNQFLRAKIAENERAQQSMRLMPGGSSEYELAPPPQSFDSRNYFQVNALQPNEHYSRQDQTPLQLV,251,0
133,SapurV1A.0471s0080.1.p,MQRPSKRSKTGEAPAATLFSPPEIPPVRLAQDQELALMVAALRNVVSGTTSSDFSKELNSFNEPITTSYSQFGSTSSNENSFCNSIWPPSSDLDTCAVCKIKGCLGCNFFPPNHEDKKDDKKGGGKRVKKNYRGVRQRPWGKWAAEIRDPLRAARVWLGTFTTAEAAARAYDKAAIDFRGPRAKLNFPFPEGGISSFEESKEKHGKHVKQQEKSENRSGFEEGMGKESELWHKIGDEEMHEWMMMMLDFGNGDSSGSTEKX,261,0
106,GSVIVT01014468001,MATGTSIFLYKYQINSTFLSIQNPQEALATSLLLMASTEPTMPNRSSTSRARKTASAQKKQPQRGMGVAQLERLRVEEWKKMTGITHLQPMSLPGHFRYQIPYQFAEPPPAPASGPVQPGLGSPGWVPRFGGGGFHGFSGGGGFRVVDPYRNDGAVGALTEASRELSSMPKMDCVFDRCDVCFKKKRMNADNLGFSGGREKYAETPPINSFDFLGLDMANDENRDLSRRRSPMTATYACYNHSEVNHX,248,1
77,XP_008226456.1,MAQEDQTQKCSNTSSGASLGFASITRSSSKKTKQKKVPQRGLGVAQLEKIRLEDQQKKAAAAVILSTPSSLSSPTKSTSSSCPSVPIRHFYHSNHNQPPSSIPFPSLPSLDLPSPNSIFRPPLIPTQNIDVIRKPISTVPWGNNNNNNGGHGFEIQGHGNNNVPNLWNPCDFNLDQKESSNSGIDPGLAFRSTLNLPFESNNPIWPLTNVPQRTQPYHQQPPPPPSMVNVSSTTSSSSVLNFQIEPPSNQSYYSNCTPMWPDEEKMVGMKRPYPFSLDNPPGPSINFKFPTFVAPMRADEASSCGNRCTYNLEPSGNPIFREAPSCSTSISESNSRNSIKENGSVNGDFLTLAPPTTSSRTCPSPKLNLPSTYLAFHNREVPEFESFSYQGNAEDTNFQPGPSCSHPQQAFYSFFPPAKAQIGRAVTTINNNCNGELGESVDLNLKL,447,1
75,Potri.011G125600.1,MATPLSLFLMPNNDNKQEPTQTMAISTKPAEPARRSTATNQSKRPTTSKCQTRKKQCQRGMGVAQLESLRIQERWKAITEANQNIGALNLQPTQQLHDHYPSNYNTDNNNQMLQYGTTVNRGVPMSSNGGVFNGFLGWDHQGGVVVKRVDGFNVNNNDGFGSGQVFVNPYLVGSVPVHQVGAPAPVFEASKELSSIPKVMQHQQYEPSRCDLCFKMGGFSARAARSAPYANHNHNNNEGTSEVMAVHRKGNNPLGRNVIMEYEFFPGKNGENTCFKEMEFPPPEASVAVGTGEAFCVTTYSDYSGYSASNASNSIDLSLKLSYX,324,1
95,676743190,MATSLFFMPTDQTSVRNPNELLRNTYLVNGSGEIRTEPPKKSRGRKPGSKTGQPNQKKQALRGMGVAKLERAIAEEEKKKMVVAGGGGGGDTPVASPNATHSPVLPDPGVVLQGFPSYGGGLNMSVGGYSRSRFLCGGVGSGQIMIDPVCSPWGFVETSAHELSSIPNPQMYNASNHRCDTCFKKKRLDGDQNVVRSNGSGGFSSYTMMISPPMNGYDHFLPPDQKNQGFFYDHRIARSAAPASASINPYFNEATNHTGSMEEFGRGNPKNGTRGVKEYEFFPGKYDNFQGKSFPVATSSVGDCSPNTPTIDLSLKL,317,1
1,Achn357291,MKKKKPPQRGMGVAQLERLRLQERWAKMALNNSPLQSLSPYDHPFYPTNQALLLPRLANGQFCGPGFGGLVSDTVRLDPYGVGAPNPDKTSRELSSMPTMRFYPDGPDPWGLCHKEKRVNGEDLGYHGMRAVNGDPSKVNGCDFLGFNLGNSPNIGGENGELGKREPSQASFSCSNGDQEVEVVGVKRKNLRVESVIMEYEFFPRQCGRGPSPNELDLEASVAVCVGDPLSGGLSLMTPTSSCFDASKSIDLSLKLSCX,259,1
177,Ote100018490031,MLAPGFRFHPTDEELVRYYLRRKVCGKGFRFHAISDIDIYKAEPWDLPKVWQWSKDQQSYRKRVLEDDRKGQGCLPQIADCWDEEDSCIXXXXXGRAPKGQRTNWVMHEYRLADLELERAGILQDAFVLCRVFQKSGSGPKNGEQYGAPFMEEEWLDDESEIVPKAETVEVVDFGDDAYLDGDDLDQILGSDVPSVDSPIPSNFRPADGSSIEETAESVNDDPKPLLNAGDQYHEPKQHEDKNLYDFPAPYETDVRTVKREFIGESSKSDNFDELDFLLDEPCQDSNDVPFQDIADGTPYGNVGFIQASDLSHPVDTNISPIDTLEDFLTFYDANVDNPQDFEYDPLTMLESEDLIPSQSILPPEEPKVEGEHSTLPSGPSLDKNDDDGASTSDKLDSSKYESDFQYPFLRHASQMLGSIPAPPALASDFPSKDALHRLNSLSQPSTSVHVTAGMIQIRNLTTDGIGRDHSLGKPWNLNISISFGFSRGVDGSARLESSLSLIPGKALASTLSRGWFYFMLFWVLVLSISYKIGCCVCAK,540,0
148,Gh_A11G1390,MQASQQHRSSVMASRLYRQIKQEVEPEPYWFPQLPPIDPSLCYSDSSHEFHFTVESSNENFCTLESSSANGSYNAYNSTSLVGFSPNGSPTSQQDSQSYPSDLHHSPDNNVGSPISGSCVTDDVSDLRDKLKELETVMLGPDSDVIDSKTSPEMGTWRLVTDAISRGDLKQVLVFCAKAMSDNDLLMAQWLMDELRRMVSVSGEPIQRLGAYMLEGLVARLASSGSSIYKALRCKEPKSADLLSYMHILYEVCPYLKFGYMSANGAIAEAMKDEDRVHIIDFQIAQGSQWITLIQAFAARPGGPPHIRITGIDDSTSAYARGGGLNIVGKRLSKLARYFKVPFEFHAAAMSGCEVQREHLQVRPGEALAVNFAFMLHHMPDESVSTENHRDRLLRLVKSLSPKVVTLVEQESNTNTAPFFARFLETLNYYTAMFESIDVTLPREHKERIDVEQQCLARDVVNIIACEGAERVERHELLGKWRSRFRMAGFTPYPLSSLVNATIKTLLENYCDRYRLEERDGALYLGWMNRDLVASCAWK,539,0
114,evm_27.model.AmTr_v1.0_scaffold00077.154,MGMNSYEELRNQRLQENLKRFKDLGLQSVSLDLSEASKSETKTIQRTVKPRSKGSDEEFMILRRSSRASKNPVPVYHEVGTILPRYRMRFARKSSRGGDIRYASDEERIYAFKKAEKLQSNLKSGHPSFVKPMVRSHVSSCFWLGLPSKFCRGHLPRKDSTMILEDGDGLEFETNYIASREGLSGGWKGFAVDHKLDDGDALVFELIEPTKFKVYIIKVSEYNNEEKEKPTGSTKKTKCESRKKYNWTDNDNVYSFETEVTRETQSAQRAERAAKRRCATSLQKIIPX,288,0
153,Phvul.011G079800.1,MAMAVAQHRESSSSGSIDKHLDAGKYVRYTAEQVEALERVYAECPKPSSLRRQQLIRECPILSNIEPKQIKVWFQNRRCREKQRKEASRLQTVNRKLTAMNKLLMEENDRLQKQVSQLVCENGYMRQQLHTTSAATTDASCDSVVTTPQQTMRDANNPAGLLSIAEETLTEFLSKATGTAVDWVQMPGMKPGPDSVGIFAISQSCSGVAARACGLVSLEPTKIAEILKDRPSWFRECRSLEVFTMFPAGSGGTIELVYTQTYAPTTLAPARDFWTLRYTTSLENGSLVVCERSLSGSGSGPNPAAAAQFVRAETLPSGYLIRPCEGGGSIIHIVDHLNLEAWSVPEVLRPLYESSKVVAQKMTIAALRYIRQIAQETSGEVVYGLGRQPAVLRTFSQRLSRGFNDAVNGFNDDGWSVLNCDGAEDVIIAINSTKNLSGTSNPASSLTFLGGILCAKASMLLQNVPPAVLVRFLREHRSEWADFNVDAYSAASLKAGTYAYPGMRPTRFTGSQIIMPLGHTIEHEEMLEVIRLEGHSLAQEDAFVSRDIHLLQICSGIDENAVGACSELVFAPIDEMFPDDAPLVPSGFRIIPLDSKPGDKKDIVATNRTLDLTSGFEVGPATTAGADASSSQNTRSVLTIAFQFPFDSSLQDNVAVMARQYVRSVISSVQRVAMAISPSGINPAAGAKLSPGSPEAVTLAHWICQSYSYYLRSDLLRSDSLVGDMMLKHLWHHQDAILCCSLKSLPVFIFANQAGLDMLETTLVALQDITLDKIFDESGRKALCTDFAKLMEQGFAYLPAGICMSTMGRHVSYDQAIAWKVLTGEDNTVHCLAFSFINWSFVX,843,0
68,Pp3c2_26200V3.1.p,MATLLMRSSEVAAVEKLTMASREQVRLQQEKVPGHFEQEGPHKVSSEGRSRGRKVKNAQKKPPQRGLGVAQLERLRLQEQSKQEAACLASIQVLPSFSFTDHNGGICVLPLKSGTVSHQQPGLSSALSFNNGRTGPSEKLHYLAEDGHQLGKVAVDGEGFQSIMSFANSDHSTAGTFARHAQGGQSIALIFSRNREIREHSYGCNSMRTVPSLSSLSSLSERPGSRGLGSCGTSAYAEGSSGKFPPCVQGCHGSPPSSTAKSSLLSNALTTGVNLVDSLASNAEQGKQRLSEMDRESVYMFQVTSNGVGDAGMVDAKLFPAVGKNGAVSLFTSNNLQCFESSSGPAKLRRLPQDRAEVPVAGVVTNCGRPKELSSFQSFSSNNTWSASEKICGQKRPWYDLNENTSKSMHSEGLDLNAPVGKVEAVQSGCYASLSQGHESTAGIHHTAGITGSGLDNTLPLLKDKACAALQENEAQNLSTTTDVDYHSVESFLKVSCPTKSKIKDCCSSVCSPCESPITRQRCLSSSEVPMLMEADHETSGDFLTLGISTRSYPISPQLGVEVNSKESMNHEDSHQVKRIKNFQDDALQLQMFNHREESAPSVTDGIHSPCTDTSFFSAVGLSCRFTSTSSSNVSEVCLKLTGREEKRDFLDLNLKLALX,660,1
127,XP_013592629.1,MMKSLANAVGGKTARACDNCVKKRARWYCAADDAFLCHFCDGSVHSANPLACRHERVRLKTASAGKHRHASSSPPHPATWHQGFTRKARTPRGGKKIHTMVFHDLVPGMSLEDQIYEVEEQLIFEVPMLNPMGYEQCLKESVGTKIVFPMMPVCFKSSEEEDNNTESCLNGLFPTQMELAQFSADVETLLGGGSDREFHAMEELGFGEMLKIEKEEVKEEEEVATREVCDLDDANETSPFEISFDYESSHKTAFEEDDEKEDVMKNLVDVGVNEMSGRIKEEEKEKVLMLRLDYENVISAWGSHRTPWTALESSEIDLDMLRRQTNSVCESGGEAHHHNHFRGLGLHMREAGDGGREARVSRYREKRRTRLFSKKIRYEVRKLNAEKRPRMKGRFVKRSSIAAAH,405,0
203,SMil_00012644-RA_Salv,MSEDFTADFYYRHPFQDDQRRTTTTAAFTYSGSHSSAYANDISSTFSADHSSVVDNNLQMFDPTYASFAEFLHGSNDHTSFSAAFGLSPSSSVAVEDQHTPAVEAARGGGETTPATPNSSISSSSAEAAAADEDLNKGKKEAKETLEDADGDSSKKDSKTKKKAEKKQRQPRYAFMTKSEVDHLEDGYRWRKYGQKAVKNSPYPRSYYRCTTQKCPVKKRVERSYEDPSIVITTYEGQHNHHVPATLRGNAAAMFNPSMLAPPLNIPSEGQGFPQELLLQMPHLYGGGGGGGASNMFHQQSFSNPQFHQFVDYGLLQDIIPSVFPKEEP,329,0
52,Jcr4S17311.10,MASSLPFLLRTTTEQTQRASKTHIESESTKSDQPTRKSRGRKPSKGPPRNKQPQRGMGVEQLERLRLQERWKEITETNQVDSLNLQPDQLSVPDPIHSFPVQYGTVSYGVPVINGGGFLGFDEGGLFFKRIENGGFGQELNRSHSSGQVLLNPYAFGAPDMRVRVGSTGTAFEISNELTSMPKGMHNLDNIPSDVCFKKKRFNGESIGYQNGSKEKFAEISPINSSDFLGLNLENKININHNNENQMGGFTARAARSAFYASHNLTDQSVQVVAVHRKANPTMGGNVFMEYDFFPGKTNGKNSAEALAVVGNAGGEASCVSNSVDLSLKLSF,332,1
97,Sopen07g031850.1,MATSLQFSSDHHPIPQENHQTMNQTSTGGRRRSSKNGQKKKKQPQRGMGVEQLERLRVQDQIKNSTIHGVHHNHQYYSNNNFPDLTPLSSFTGGGSASADPGNYSNSILNSSPVLQFPKLCAVSPNDFFMQQKVVNTGFIGSSSTNQLMISSHDHHQFQSQMNLYGFATSKPSTEKSKELYPMPNLFSSNNSCFSDRCRSCNKKKRMINGEEISIHMEDMIREKEDSGTKPLLHSYSLPSHQQKGVEIVAIHRKGSSSALSSDEGAVMMEYDFFPEKISSKSTNTYKSCFEKEATMMSAYNSPESSSFAAAAAAGNIINGEASSVTTISWAADTTTTTPTSSIDLSLKLSC,351,1
149,OPUNC03G26730.1,MFADFSAAAMELGEVLGLQGLTVPSTKEGDLSLIKRAAAGSFTQAAAASYPSPFLDEQKMLRFAKAAHTLPSGLDFVRENEQRFLLSRTKRPFTPSQWMELEHQALIYKYLNAKAPIPSSLLISISKSFRSSANRMSWRPLYQGFPNADSDPEPGRCRRTDGKKWRCSKEAMADHKYCERHINRNRHRSRKPVENQSRKTVKETPCAGSLPSSVGQGNFKKAKVNEMQPSSISYWTDSLNRTMANKEKGNKAAEENNAPLLNLKNQQPTLSLFSQLKQPNKPEKFRPAGDCESISSNTMLKPWESSNQQNNKNIPFTKMHDRGCLQSVLQNFSLPKDEKMEFQKNKDSNVITVPSTFYSSPDGPRVSCHTPNMAQMQEDSISSSWEMPQGGPLGEILTNSKNTDDSIMKPEARPYGWLLNLEDHAM,426,0
167,SapurV1A.0028s0230.1.p,MGRAPCCEKNGLKKGPWTPEEDQKLIDYIQKYGYGNWRTLPRNAGLQRCGKSCRLRWTNYLRPDIKRGRFSFEEEETIIQLHSILGNKWSAIAARLPGRTDNEIKNYWNTHIRKRLLRMGIDPVTHNPRLDLLDLSSILSSSLYNSSQMNISSMLGVQPLVNPGLLRLATSLLSSQRDQTQNFTIQNGQEKNHLSNPLAQESQYQSMIHQASIQFQTPGQEMPTCSTLTATPGVTFSSEAQLMNPNVDLYQASTIDNFSSPNSHPSAHDQWQGNGMVSNLAEDYYVPAVSSYNCNNFYGSDIVDPSSETSTFISNGSNQNFGFASVLSTPSSSPTPLNSNSTYINSSGAEDERESYCSSILKFEIPDILDAINFMX,376,0
39,Dca58649.1,MIPTTTSLFFKSSSNNNNNNNNNNNNNNINNNNNRSNNQSDAKPDPTPKPRSRRGGRAQKGPTKPPQRGMGVAKTELEIKRKEGLSPTDRLIASKMAAAAAADNMMTTRNAGLPVTLPGYPVHPYPVPVPVPHYYFPGQQSDPSSLRAAYPIVPDPHLELPPMPNLALHDNHAALSYKKKRMNGDEEENEGMLVGFGKGKEKLYCGDNYGVNYGGFNGNYPNNSSYYHHFGVNNNAVFPVSYDFTPSAANDQAMMMTTHQMMRMPNSSVTEYGFFPEMSNKGYYYHQNNNNNNNNNNNNNNNNNDNNNNRDDNTNNNNNNRDINNNYYYNNDQLDLKLGCSETISYASSPSSSLTTATYNNNNNNNNTTVITTITTTTTTADTFLDLSLKLSNY,394,1
171,GSBRNA2T00028367001,MIVEEVSDGSVWSREDDIAFERALASYTDESEEKWEKIAADVPGKSVEQIKEHYEVLVEDVGRIESGCVPLPDYGSPEGSNGYGDDGGSGKKGGNSHAGESNQGSKAKSEQERRKGIAWTEDEHRLFLLGLDKYGKGDWRSISRNFVVTRTPTQVASHAQKYFIRLNSMNKDRRRSSIHDITSVGDADVSTPQGPITGQNNNNGSTAVAGGANKSAKQAASQPPPGPPPMYGTPTIGQPVTGPLVSAVGTPVSLPAPPHLAFGVSGAPMNMGQMPYTTPRTPTAHRX,287,0
152,Gorai.004G274200.1,MASALSVNSSISVRILQSSYRGRVSVAQPRYFNLLPAPQSRRRYTVAYSRRRNNQPASTEKKKRLKKEKKKGLVEKEEEDFEGDPFEALFKQLEEDLKNDNPDMEDDDDEGDEINEEDIDRLANELAEAFGDFDFEGFSSAPNDAKEEVEDDGEEDGNDDEVEERPVKLKNWQLRRLAAALKVGRRKTSIKTLAAELCLDRAVVLELLREPPPELLMISATLPDEPVKKEPEPESEPEPEPMPETKHVETLAFETTMDNVKHEPKVKEPIHVMQQRWSAQKRLKKVQIDTLEKVYRRSKRPTNTMISSIVQVTNLPRKRVVKWFEDKRNEDGVPEHRQPYRRYGSETVFSDX,352,0
218,Prupe.4G172000.2.p,MAQLPPKIPSMAQNWASFPHQRLPTTANFIPTTTTSAAVQPPSQPQCNWIDEFLDFSSARRGVHRRSASDSIAFMESPLTLEEECRNPSTAMMHHGSTNNLCFDRLDDEQLMSMFSDDMSVTVPPTVSSSNPSTPSDQNSNNDENNNNNNSNKLLMAHQEQQHQQHPKSEPGEDESSCEADPHAQSHPPPPTSPADPKRVKRILANRQSAQRSRVRKLQYISELERSVTTLQSEVSALSPRVAFLDHQRLILNVDNSALKQRIAALAQDKLFKDAHQEALKNEIERLRQVYHHQSLKKMGNQNAQQQQHQQQQQPNPDIMVCTDHNEQQILNX,333,0
10,Aradu.403SG,MATTTSFLHLMVTDNNNNNNHEDQQPMMDNNPVLSEETTRTRSSNEHGGRIIRSGRNKGARVKPKKPPQRGLGVEQLERLRMQECWKKMMMMNDSSSSSSSSPSSSSSSGVVLPTTTSTTADYYHHHHHYPNMLATFGGNNGGVTMKYGAAAAPSAPRSHVHAGGFQFIPQQVFHGSAVGHFMGNNRSGFSGGSSSSSSCSSFGSVAMAPVFNPLLGTPLVETSRSELTSIPNLHHHSHLHQPLDFCLKKTRFNNEENVNGSNARKENPLIIWNNGPNFVGYEAPNLDDREEVTEIIKNDEAAADEVDLINNNLFVAVHRKGNSVCGRVFMEYEFFPGKDGRGTSSKELEFPTIAAAEAEASPITVPPPPTSTPYRKLPPPSSNSNTNNNIDLSLKLSR,399,1
21,XP_013596954.1,MAASLFFMPTDQNPNEFLRNTYHVNDSSEIPTEPPQNIHGRIPGSETGNQKPKKQVLRGMGVARLERLRIEEERKNMILAQGGRGASPNATRSPDPGVVLQGFPSYGTGGPNMSVGGYTRNGSGQIPVYSPWGVVGTSTHELSSIPTPQVYNPSNIHCDACFKRQRINEEVRANGGGFPQYTMVPHFLPPDQRSQGFLYDHRITRYSASPSASTNQGSMEELGSGSPRNGTRDVKEYQFFPGSDGNKSVSSVSTSVGDCSPDTSTIDLSLKL,272,1
213,GSMUA_Achr10P19850_001,MEAPVSNSEHASAALSESGLRVLEIKKNSSNRSGGGKRARGNSRKAEKLKEVVHVRARRGQATDSHSLAERVRRERINERMRCLQGLVPGCYKAMGMAGMLDEIINYVQSLQNQVEFLSLKLSAASSFYDCCFDMGMETLSTLQAGDGQETDEAAVRPLYFFLCLPCLHLSTLTQYLMLLSISTEWQEISHVF,193,0
143,AA12G00221,MREEDTNWFAKWQEELPSPEELIPLSQSLISPDLALAFDIRNPNNGNTNSIQVLPQSTPPTQLLPSSQANSSADFASDSADLGSGGVAGDEPARTLKRPRLVWTPQLHKRFVDAVAHLGIKNAVPKTIMQLMSVDGLTRENVASHLQKYRLYLKRMQGLASGNGGGNGSDPVTDHLFASSPVPPHFLHPNRGSNSDHFISSFVPITTLQQQQQQHMAVSASNPHLQPPQFHHRQISASHFNGQFGSQTNGKVVDHSFLARQTHQVAQRISATSSLHSPVSNYAENLMSADTTTGGGGRTVLTLFPTRND,309,0
198,SapurV1A.0032s0720.2.p,MGKGSKINCKSASHKLFKDKAKNRVDDLQGMFLDLQFARKESRMVDVAVLEEQVHQMLREWKAELNEPSPASSLQQVIIEYHIPFIVHGGSLGSFSTDICRLLQLCEEEDDATSALAAPKLEPNDQRLQVGNNVVFQEGYGVNHGQQEHVFPFVDQCKASPSGDRSMVINSVEGVAQLEYHDFDLPQNSEQNFYTGFNGMDLGEDATHLVSSYLPSMFLPPSAFLGPKCALWDCSRPAQGGLDWFQDYCSSFHHAVALNEGPPGLSPILRPGGIGLKDGLLFSSLSAKVEGKDVGIPECEGAATAKSPWNAPELFDLSVLKGETIREWLFFDKPRRAFESGNRKQRSLPDYTGRGWHESRKQVMNEFGGLKRSYYMDPQPLNNFEWHLYEYEINNCDACALYRLELKAVDGKKSAKGKVANESVADLQKQMGRLTAEFPAEHKRAVKGRTKVNSKASVGNVYSGSTRVAPPTNEAYDNGSGPHYDYLTENLGDYYLTQFKKPX,503,0
126,KN538730.1_FGP048,MEAPPLAAPICASQGAMGSLLGKMEELLVAPDGSRLPKGVKDRMLLLGGDLGVVAAYLADLSELEDPPPTAKRWMREVRELSYDIEDYIDEFCAAPRPGRRANTMARFVCRIGCVKVARLPKKLKRHQQMGKMVSQFRIYVQEAIERHGRYGLDCCDHRRRYVSFGPMLPSRPYGEEDAQLVIDGRVSEFIERLANDEDQKLKVVSVVGSSGIGKTTLAKQFYNRIGGQFDCRAFVRVSRKPDMKRIFREMFYQVQRKQPPDDYKELTLIDSIREYLQDKRYLIIIDDLWAASAWDLINQAFPERLFGSESDCPQQFKEVSNKIVQICGGLPLATTNLASLLASQPVILMDLCLYIRDSLSSAFRTNSSIEGTRQVLNLSYNNLPHYLKTCLLYLNMYPEGYKICKDDVVEKWVAEGFIDQIEGRDLKKVAGSYFDELIDRRFLQPSRLNYNNEVSTCTIHDEVRDLIAYKSLEESFVLVLDCYQKDVELSDKVRRLSVHFGDTKYAKIPTNIRTSEVRSLTFFGLCKCMPSLTEFKLLRVLNLQLSGHVGDELLDLSGISELFQLRYLKIACNIRTELPSQMRGLKYLETLQMDTTLTAVPWDIIYLPCLLHLHLPFDTNMMDLIGRMTPPSTLLSLEPSSSNSLPSRGIISNLNNLRDIHLTFCTPPSKYIERNMEVLGSLLGRLSNLKNLILVSSSSQKNIMVSGALEVNISWEGLAPPPLLQKFEWLLDNCIFSRVPRWIEKLGNLRILKIAVRELLKNSVDILKGLSALTALSLSMHAIPVERIIFDNVGFSILKYFKFNCSTVPWLKFEAGAMPNLRKLKLGFNVLRKDLHGTTPISIGYLPSVKEISVKIHGVGSDAESVLTYTVSNHPNNPRINEKLVDWTTYGEGGRHMVIKEKDHGFQEEQNEQEHLDKYKQAEIRISTSANFLDIKQILEDAINRWLCPSEICEILKNYRSFFLATEPPNKPPSGSLFVFDRKILRYFRNDGHNWRKKKDGMTVKEDHERLKCDYLSFRIRLTVVCQSSLEVLTCLNATMHMGKKMRISKGGCTGCWKSVGGPYPKAFSKAELEGPLTSPVLKKIKTLFFLRALSPEKKKTTHLPCGKSAHEAPHLECYEIAPPKNGFAHLPRSLPRVTQTEKATPPFALQEAAAFALGSVCMEGSSDAAIARTSDGNKCLLEAASAVEVVALSWRDGLFEGAAVAAGIVITMPTTAFGSVRLWFGVCSTLIEAASTARSLRTGALLRLVLHRPAFALRRFTMLFCCFASYQPSQSPPFLVVIDRRRLGPSPLRVHSVTGDSSVTKNNFQGGSSVTENSFQQHDESLEASICYPFLKTASDIEKGSFKKTDSFTRWGSKEPADVDDSQIQSSCIKETDSSIEASSREPMDLFTVAPEVLHDQLFSTVSSWTFPDSKAKFSSATGDSSATDNTFQQNDGSLAAAIGCPILKTASDILKDSFKKADSCTRWMGKELAEVDYSQIQSSCIEEADSTIKASSREPLDQFNVAPMDLQDHLFSIVDILPRWTYAGSMTKVLVTGTFLHTKQVTERFRWSCMFGEVEIPAEISADGTLRCYSPPHKPGRVPFYVTCSNRLACSEVREFEFRPSDSQYMDAPSPLGATNKFYFQIRLDNLLSLGPDVYQATITNPCKEMIDLSKKICSLLANNDEPLSDDQQDQYAENLIKEKLHDWLLYKVGDGGKGPSVLDDEGLGVLHLAAALGYDWAIRPTVTAGVNINFRDFHGWTALHWAAFCGRERTVVALIALGAAPGALTDPHPNYPAESTPADLASANGHKGISGFLAESSLTSHLRALNLKEANMSEISGLPGIGDITERNASQPAIGDSLGAVRNAAQAAARIYQVFRVQSFQRKQAAHVRGHQVRKHYRKIVWSVGIVEKAILRWRRRRAGLRGFRPTEGAIESSSGGTSSNLVKDKPAGDDYDFLQEGRKQAEERLQKALARVKSMAQYPDARDQYQSILNVVSKMQESQ,1988,0
204,MELO3C022122P1,MSTSRMMKLTRLFSRNQLFEQIVCKKDGYVGHPLGSHPFSTRAGIPNITQNFTHTVTKNAGGRAFVSYHVYKGKAAVSIEPCMPTFTKVESGNLIIDRRGSIMLTFAPAMGERKYDWTRKQLFALSATEVGSLISMGPKDSCEFFHDPGMLSSTAGQVRKNLAIKAHTDGNGYMISLNVVNKPQNTNDFLSLPFTTGEFSVLKTACSFALPSLLGWDRVFNPNIGMGNGFQSKRIDREALSLEWERX,247,0
25,Csa10g015550.1,MATSLFFMPTDQNSVGNQNELLRINTHLGVVNSSGEIRTTEPQTQKSRGRRPGSKKGQQNQKKPTLRGMGVAKLERERLKTEAAENKQIAATLVGDSPVGPANPNNAARLLPVPVDPVLVLQGFPSSLGGCRNNRIYCGGVGSGQIMIDPVCSPNWGFVETSPHHHELSSIPNPQMYNAISDPRCDTCFKKKRVDEDQNNVVRSNGGGFSKYTMIHPPMNGYEQLLQPDYQRSSQGFMYDHHHRIARSAPPSAASTNPYLNEATNHTVSMEEYGSGYMEGNPRSGSGGGVKEYEFFPGKYNDGFPGKYGKRVSSMATTSVLGDCSPNTSSSTIDLSLKLX,340,1
89,SMil_00012800-RA_Salv,MAQEEQHIVSSTHSGDRSRNVKQKKIPQRGLGVAQLEKIRVEEQRKKETANALPNNAIASATDATLSPSPVNFRSPSLPVQMNGSVEDAASWCRLWNGDYNHRNDSTAEFRPPVNLQSESNAALPQRFFRFQRPASPVVNTSSPSASSHMEPPSNQNMHNIHCNSYASSSSSWPEEYKMVGVKRSYPFSLESPPAGSFNGHFDPSSVASKSRRDELPSCGSGYAAVAARTEPRNVYMRDGPSNLPEDDGRLNGNFLTLAPPPWNSKHTYATDNPESQGPEENETRQVHHWIASRSREEPFSFFPVRADESDEEKGETIDLNLKL,324,1
42,EcC052999.30,MATSAATHPLLMAATEPPRLEVTANATNNGIVTSGADQNRREPSKPRSRRTGKTHPPKKQPQRGMGVAQLERLRLQDQERWTKMSEIPPQPYTPYFLPHSNPQRPGFPFPGSLDAVGGVPVQYRTPPTHLPPVSTGLGLGLGLGMGKGFLVERKDDGGVDQGRKAGVSVRARVMFDAFGAGAPVGQGGSSKAVETSRELSSIPNVQKCVSDRCDVCLKKKRMDSQSAGLFINRARENCPEKMGVSDCDFLGLNLEIPPSKAARTPIYTTHNLGDDDQNVEVTAIRRRVNVWGGGVSMEYEFFPGKSGRSTWTEGRNFPAGGEVAADADASEDGGGEASNSIDLALKLSC,349,1
19,GSBRNA2T00154656001,MAASLFFMPTDQNPNEFLRNTYLVNDSSEIPTEPPQNSHGRMPGSETGNQKPKKQVLRGMGVARLERLRIEGERKNMVLAQGGRGASPNATRSPDPGVVLQGFPSYGTGGPNMSVGGYTRNGSGQIPVYSPWGVVGTSTHEPSSFPTPQVYNHCDVCFKRQRINEEVRANGGGFPQYTMVPHFLPPDQRSQSFLYDHRITRYSASPSASTNQGSMEELGSGSPRNGTGDVKEYQFFPGSDGNKSVSSVSTSVGDCSPDTSTIDLSLKLX,269,1
140,Prupe.6G011300.1.p,MDNGKSNQSNNPLLYTAFFSPLFLHDLLGKVVSTEEEAYNLYNSYATRTGFSVRRGQKRYNTKKVLRQFSYFCSKEGFRLDSDPSEVSMANKLETRTGCEARIRFAFQNDNGMWKVSHFVYEHNHELAMPEERQFLRSNRKVSEAHLDCYNVVNKEKMVMIEAGDAQSLINLFKRKQAEDPMFFYTVQVDQENRMTNFFWRDGRSRIDYDCFGDVVVFDTTYRTNRYNMICAPFVGVNHHWKNVLFGCAFLLDEKIDSFIWLFETFLESMGGRKPKTIFTDQCQAMANGIEKVFPGVCHHLCSWHISQNAARNLGSYYGNPEFKHMFNKCLQGYCETELEFQSTWDDLLAKFNLTGNLWLKTLYGLRAKWCPVFSQHIFTAKIKSSQRSESTNNVFHQMSTKTMSLTQFVHHYDKQAEKMRSSELEESFRCNQGLSSRIAKSSGLMNHAATIYTRKIFKLFEKEFVDSLGVMMHEVGSDGTIHSFELNEEGHKRVYIVQLNSLNCSISCSCKMFESMGLLCRHTLRVLNVKCWSQIPKQYILKRWTKDANKGLEASEHGELLQTKGKSSVTLRRNTLMRTAYDVLTKASETENTTRIALQKLREIAGLIEKEMIKSKGEVNAKIHDSLDDCNATTFDETPVRNPSCVRPKGISNARLKSVMEKRRRKTSKDIVSSSKKVSYFAYX,685,0
139,XP_016650838.1,MVSLRRRRLLGLCSGVSPVLDPLPRLCDNGTVPQNFTWTNPVSVHPMPSNDANQPDGNASVKVEARSPTASGSSLSKEQHDQQVAGPPIKRRKRHRRKHFQNQEPCLMRGVYFKNMKWQAAIKVDKKQIHLGTVGSQEEAARLYDRAAFMCGREPNFELSEEEKQELRKFKWDEFLAMTRHAITNKKHRRRPGAESHKRSETPLENGDWDDKEEVDSLSASEDMEQDMLGS,231,0
217,Niben101Scf01784g03001.1,MGSNLNIKNRGNEPPGESGSGGAGVPLVRQSSVYSLTFDEFLRGSGKDFGSMNMDELLKNIWSAEESQNMGTSGVGGQEVGVPGGNLQRQGSLTLPRTLSQKTVDEVWKDMSKEYCGGKDGNGDLGLSNMPRRQQTLGEMTLEDFLVRAGVVREDAQLDAKASNVGVFGDMSHAGTSLGVGFGYQQSNGNTAMVASRNIDNNSGIGVRSGNLPLNVNGIISVQQQQGTMQLQQQPQQQQQQQQQPLFPKQLGLAYGAPMAIPTSGQLGSPGIRGGIVGISDPALGSSLVQSAALTGGGMNMVGFGAGGVTSATGSPAVSSDGLGKSNGDTSSISPVPYVFSGGLRGRKGGAVEKVVERRQRRMIKNRESAARSRARKQVISLESYR,386,0
9,KFK29248.1,MATAPFCVPTADQTSVGNPNELVLRNNQGLVNVSGEIRTEPQKTRGRKPGSKKGQQNPKKERLRGMGVAQLERHRIEEERKMLTGASASPRTTRLPVSNPAVVLQGFPSSYGGGPAGGCRNRFICGGVGSGQIMIDPVCPPWGFVETAPHELSSIPNNRCDTGFKKMRLDGDHNVVRSNGGGGFSKYTMIPMNGYDQRTPSFCYDHRLPRSSASFNPYFNEPTNHMVSMEEFGSYMEGSPRNGSGGVKEYEFFPGKFDDEHGKPVSVATSLADCSPNTSTIDLSLKL,287,1
117,XP_011097689.1,MKDFSKINVKRDCRVCHKVFSSAKALGGHMRIHVNEVKNKDLTVSRNSTSLRAHHHSIKPKKQNPREDCHKNMVGVITEPICMICGREFPSMKSLFGHMRCHPERDWRGIRPPSTAKINSSDHTSSLWDTDQDQVDVVVSTSQGNDQVVDLVESLRGWPVTARRGRKALTADSMLGFSGPSKEHDQLHKAVDYLLMLGRGSSCRNAQSHSRNMDSSEAASSNLPVSSANPGSTSNKPKIRKSSSKFRTNSPVEKSGKEKSTRSTDVLGESTKKLCGSVLNYDQLDNRDCDSAKFDNIRRKRKKMKLSELEQAPKISPVTPEQQKMAAGRTANHWCNTRQKSFSSHNRLKIIILDSIGKSSNAGTSLNSVEATQHEYCMVCNKNFPAAQALGSHKMCGRTGAPMSQHVSASSRRVLNFDLNEVPPSED,427,0
124,SapurV1A.0111s0230.2.p,MCGGPEQSAKSSSTSTRYTVGATQITKDMNSLTVETEDTFSSLLELAANNDAEGFKRFIQRDASSINEAGFWYGRQKGSKQIVLDQRTPLMVAATYGSLDVLKLLLDHTKADVNLSCGKEKTTALHCAASGGSINVVDVVKLLLSAGADPSCLDVNGDRPGDVVVVPPKLQSMKAALEDLLSKTDSNGSAAEHDFNGSAVVSNLRVSISNSNFSSPTLSSSPENGSPPSPSVLIYSPRAAKFNNMPGSCTPERREYPIDPSLPDIKNSIYATDEFRMFSFKVRPCSRAYSHDWTECPFVHPGENARRRDPRKFHYSCVPCPDFRKGACRRGDMCEYAHGVFECWLHPAQYRTRLCKDGTSCNRQVCFFAHTPEELRPLYVSTGSAIPSPRSAQSAASVMDMAAALSLLPGSPSSVSAMSPTPFNQPMSPSANGISHSSMAWPQPNVPTLHLPGSNLQSSRLRSSFSARDIPPDNYNLLSDFDSQQILNDLTCFSQPQNNSVSFSRSGWSKTLNPSNLDEMFTAEMSSPRFAADQAAAAVFSPTHKSAYLNQLQQQQSMLSPINTSVFSPKNVEHHLMQAAFGAGSPGRMSPRSMEPISPRGPRLSALAQREMQQHQQLRSLSSRDLGSNNPVAHNVGSPVNSWSKWGSPNGKLDWSVNGEELGRLRRSSSFELGNNGEEPDLSWVQSLVKESPPEVLKEKFAIPVPGTAPSPDVAVGLSSNSQINPVLESWLEQMQIDKKQQPVVX,746,0
159,Sme2.5_00125.1_g00013.1,MDPEAFSANLFKWDPRGAMPPPSRLLEPVAPPQPTPPPLPPPPQLQPSYSMRSTRELGGLEELFQAYGIRYYTAAKIAELGFTVNTLLDMKEEELDDMMNSLSQIFSWDLLVGERYGIKAAIRAEWRRLEEEEARRRGGSNVLDSLSQEGLSEEPVQQHPAEREAAGSGTWEVVAAAAGGSGRMKQRRRRKKRGTSDEETEELGEDDTEENMNDGGGGGSERQREHPFIVTEPGEVARGKKNGLDYLFHLYDQCRDFLIQVQNIAKERGEKCPIKVTNQVFRYAKKAGASYINKPKMRHYVHCYALHCLDEDASNALRRAFKERGENVGAWRQACYKPLVAIAARQGWDVDAIFNAHPRLAIWYVPTKLRQLLHILAKLCIALISINKVAIAARQGWDVDAIFNAHPRLAIWYVPTKLRQLCHSERSNAAAAASSSVSGGVADHLPHF,448,0
3,evm_27.model.AmTr_v1.0_scaffold00072.24,MATTLLLWSPSGSPPPDDQTNDQDQENQPDQGRSRGRKSKINASGSSQKKVPQRGLGVAQLERLRLQEQRRKQADSEQASPFPAFPGNVSFIERHNAVNFPNRLAPMSCGGLTERHMALTDVVQRYRLRNGMRPGVTEPFGSERVPVNDMRFHNPTPFRSESIRLKELSSNQSPVCWSDQCEYCLKRKREFYGINMGAASKEGCDFLGLALWNAKNVEGEAARDIMHVHTGMAIHEGGETVTLQRSRGRELMEYDFLGGDAPLRGGDGSSSYEPPYPEPSSSFLDLSLKLSTX,293,1
187,Manes.02G144400.1.p,MDSKITVELMNFPKNDTDCFLMDEYFERLSELSPLESFLEFDSLSLPYDTNFGFEDYLLENGHPLSWDVDIPIDAKPLRVFTSTIDNTVKYDDDFTGTSSNEEEKRVIMGRKRSAPLEMEEIRKHFDKPITKAAKEMKVGLTVLKKRCRELSIMRWPHRKIKSLKSLIRNVKEKGLTNEAVMLEEHQRLLEKMPDMELNDSTKKLRQAIFKDNYKKRRCLEAHAX,225,0
55,Kalax.0002s0037.1.p,MASPSPLLMIVSQGSTKPQPGSSNQDYSSPKSEHPKLPRGRKPTKSNKSPMKKKPSQRGMGVERLERLRLQEKWGGGGSSLPEAAAALPAHLHQFQPPPHPLIPVAAPSPAAHFGPQLLNMADPKVRILGGGSCGSLMARGWVGGLLETSRKELSSIPKLMPCHHHQCDACCSKNKCHHALTGLHSNHGHAVGLEMKDFNGITMRQIYHHVNKQEAEMMGVTRLASGLKEYEFFPSEKGLKEIEFFPGICTSDSHTDSFTRSFEQQSHHTSTESASYYSIPSHQYTTTAASNAIDLSLKLSLX,303,1
38,MELO3C018179P1,MATPLQQQTSNTSHPPKPRAGRKPGPKNPNQKKPPQRGLGVAQLERLRLQENWKTVTEISPPTFLLHNTLPNFPLHFPPAPPPILHTDCIAAGAGAVLGFDHHGFVVQRIGNNGGFLPAGGVLIGNTSVEASRELSSIPKLPLACDSDRCDHCFKKKRVNFSNRMKEKNIIAAAAETPSFDFLGLGTNSTAELNTHSVMNHHTDSGWDLDYDFSLNLKQVRGGGGDGGEGSKLMEYEFFPRKNGRGTEIEELKMPKEELSLFREENEEEEEEVLAMDHGEGSCITTSCNDIINGGTRNSTALDLSLKLSFX,311,1
53,WALNUT_00000558-RA,MTDIRPTKHINAPPPETDNLDWNVLTIIWKRTRMDKADQTQRYNNSGSGGGIGGVARSSKNPKQKKAPQRGLGVAQLEKIRLEEQQKKDVAAILSPPASVSQRESSFLSLPIPTYHHSNPSSCSIPFPSPSLPDLSSRDLLIRPPQPGQNNDEKNSSTVNSAGFEAGWLGISVPGLGCVPKLRNSHEYNLEKENSGMDPRLAFRSNLNLPYESDNHIWPPPSLMPKTQQYQQQPMVNVSSGTSSSSVLNFRMEPPSNQSYYCNYSPMWPPEEVKMVGTKRLYPFSLDNSSGPSSHYKLPSLVVPVRSDESASCENVGMFNFEGSNSILRGRPSWSTSISNSNLNSNKSIKENEVIKGEFLSLSPRITSTCPSSKFMQHSACLASQDPRFRDESLPYQGIVEDPIIKPAGSSLLNQQPPFYYFLPPAKEQIGKATTTMNNCNGGVGERIDLNLKL,454,1
193,477018,MAGVSTIETEKYSLLEDFSVDVEVDDEEYESFSLCFWVYLLNSTTFPSTIIRQVHSDMSVSAPFLVLDENKKMMLLPLTLLHKEAPDPVDTSSWTQVPSVSTKSKFPLQKWVHVGCEVSRNFMRLFIDGNIEGEQFVTSLLTKNTNPKCPRKISLFSVGGDGYSVQGFIQCAQVLPASDHVEHHYMKDPPLLLSVNKSSSSGIKLDDDGVWQASCREIFSLDVVLSNAIGQPVHKDVEVVASLLYADTLVEARMSEAEAPLLVRDEGVEFSSGDRPIKLLNGRSSFKLKISQLSSKSDNRLFWIKFGIRNAKDYPFLQAVSNPIRCISISPDVRPLSVTPKRLTNIDHLSSTESPDLLHNASSVKRIRLGKESVSGSEESYQQCNSRPQTSRQFENGNGMRLHEEDNSSTDSENSEMRYTISDSTIFRYCLGNIIDKSLLLKEITNNSSDDEVLEFANQVSLYSGCSHHSYQINMARELIAEGTNAWILISRNNQHVLWDNVVYEIEEHFMRISKCSSRSLTHQDFELLRRISGCYEYVTQVNFEKMWCWLFPVAYSISRGLINGMWRSSSPKWIEGFITKEEAEHSLQGQEPGTFILRFPISRIWPHPDAGSLVVSYVGHDFALHHKQLKIDNMCESSERYMDAKPLQDVLLAEPELSRLGRIIRSHX,669,0
178,Dca58921.1,MAPVSLPPGFRFHPTDEELVAYYLKRKINGRKIDLEIIPEVDLYKCEPWELPCKSILPSKDMEWYFFSPRDRKYPNGSRTNRATKAGYWKATGKDRKVNSQVRAVGMKKTLVYYRGRAPHGHRTGWVMHEYRLDERECEIANGFQNHGEEYGTIPVEDPSILRGQHVTDEYKTDNDFHEFVNDSDPSKSFINDDDDIDNFSDTPNFDVFEEVEVNHNLYISSKWLAETRFHQVQPTKTVQVYLQRAKLSQNTPITTFKGDQCHTKPSAVCRIVRFARNCKVDGMLSNLFVARVWPSMTVVLALCTLWANQITL,313,0
136,Tp6g30090,MNTSKSKKKQEEAGTRFLGVRRRPWGRYAAEIRDPTTKERHWLGTFDTAEEAALAYDRAARSMRGTRARTNFVYSDMPPSSSVTSIVSPDDPPPPPPPPAAAAPTCSNDPVDYMMMFNQYSSTDSPMLQPHSDQVDSSYMFGGSPSCYSNSSTELPPLPSDLSNSCYSQQAWSMEDYSSATYFEGEYVHSPMFSRMPPVPDSLPQGFNHFGSYN,214,0
214,KHN05467.1,MDCTAARKTQKADREKLRRDRFNVQFVELGNILDPDRPKNDKATILGDTIQLLKDLTSEVSKLKDEYATLNEESCELAQEKNELREEKASLKSDILKLNNQYQQQLRTVSPWTATDHSIMLAPPSYPYPVPMPIPPAPIAMQPYPFYANQHSAIIPNPCSTFVPYLVPNTLTEQRSTQYMSPPVHPGFRSHVSGKQESRNKSSKESKAEKHEDSNDVTLTPGSSADQDLSSGQRKSSKLSRKESSCTEVSSLDRCSLSCSVQDSSSSSVVHKHKG,275,0
190,SMil_00010968-RA_Salv,MSTSSSSSSGGGGSSRRRMRSRKGVWPEPFVEALAFQVAIDASLHAGRLAAAQALFNIFQVCSTWRAISRSELLWQNLTRRIWNAERLRRNTWREEYISRHRTAANFRQRSYVHTTLPYIPADNINNGLSCRRLALSDDHLAAGFSDGAVYLFHLLSRLHLTTFYPHHRDRLGRFSSSVSGIILSDVRLVFATLDGDIHVTTINGGMPLRRAHIGDVVNDGALVDFTGSNRWWVGLYAGVPGRAFHIRNGETEELVFVGGTLTDPEAVMGWHLLTEMTDLIGRVRATAHQNAVACTSSRVILFDLQNQGVVVHEEELRRGIMVGCFDANGEAALITDGRGTASVRRLVDLAEACRFRVRGAAQQRGRVLGCVNGGYGVIISGGVVRVWEIERGEYLYSFRERIGDCSAIVADERYVAAAADGGIIHLWDFGGQ,433,0
170,Pbr030553.1,MGRAPCCEKMGLKKGPWTSEEDQILTSFIQKYGHGNWRALPKQAGLLRCGKSCRLRWVNYLRPDIKRGNFTREEEEAIVKLHEMLGNRWSAIAARLPGRTDNEIKNVWHTHLKKRLKDHTTTTSSTRSSSNSTSNVTSQFADEPENLNYPQPSSSDVSSSVTEVSAALSTDQDTIVVKGENMELSETFPDIDDSFWSEALSTDNSSVPLQFPRASNDEPILEFPIIKNDSEEFGFSFGLNMDDGMEFWYDLFIRTGHGGTPELLEFX,267,0
7,492066,MATSLFFMATDQNSVGNPNDLLRNTRLVVNSSGEIRTETHKSRGRKPGSKTGQQKQKKPTLRGMGVAKLERQRIEEEKKQIAATVGETSAASISNNATRLPVPVDPGVVLQGFPSPLGGCRSNRIYCGGVGSGQMMIDPVCSPWGFVESSSTHELSSISNPQMYNASSNNRCDTCFKKKRLDGDQNNVVRSNGGGFSKYTMIPPPMNGYDQYLLQPDHHQRSQGFLYDHRIARSASVSASSTTINPYFNEATNHTVPMEEFGSYMEGNPRNGSGGVKEYEFFPGKYGERVSVVATSSSVIGDCSPNTIDLSLKLX,315,1
144,Potri.007G039400.2,MELSLDLSLVCEPKTINECLKEVSMVKDGSQKLTKLYDYVERLEDERRKIDAFKRELPLCMLLLNEAIARLKEEAMQCSELNDLIPLKGNSNEDGNDKKNWMSSVQLWNTNNHLDCKKQDSKSEPKQKSEEDDDRSTCENPVQLGDHSNKGEAFVPFKALSGFEGSKRKEEKEVVSQVTGLSPMTPVPDLSSCNWTRKSNNCSNQTKILSKSQQQAYRKQRRCWSPELHRRFVDALQQLGGCQVATPKQIREHMQVDGLTNDEVKSHLQVSFIPSSPSISRSMQGPFNRX,290,0
101,XP_010533509.1,MATPLFFMAADQNPAAKPPGVLLPLNTHVVGTGEIRSEPPRSRGRKPGSKAALNQKKIRQRGMGVAQLERLREQEEKKMADTSSSTMSNPNTRLPVLDPVVFGSFPVLQGLPSCGGPAICPVPVVPKITGSFSRFAGFCCGTGSGQILIDPAPVYSSETWGFAETSKELSSMPKPHLYNCSDRCEVCFKKKRHGGISKYGMISPMNGHDAPVFVQERNIPRIGYDHSDGYLARATLPPGSLNCSNPCVNEGSMEMLGSYVRGNPRNGGHIPPKEYEFFPGKYENFSGKYGQMAYTREMEAPEISVSDCITDTSAIDLSLKL,321,1
116,Ciclev10001978m,MTSDGATSTSAARRKPTWRERENNRRRERRRRAIAAKIYTGLRAQGNYNLPKHCDNNEVLKALCAEAGWVVEEDGTTYRKGTRPPPIDIASTSARVTPYSSQNPSPLSSSFPSPVPSYPTSPTRGDANNPSSLLPFLRNAIPSSLPPLRISNSAPVTPPLSSPTKSKPIPNWESMAKESMSALNYPFYAISAPASPIHRQLYAPAATIHECDESDTSTVDSGHWISFKKFAPSASGVPTSPTFNLVRHVAQPSFANEALKEKGRGSEFQFESAPVKPWEGEKIHDVGMEDLDLSLGIGKAQSX,303,0
69,Pp3c2_26200V3.2.p,MATLLMRSSEVAAVEKLTMASREQVRLQQEKVPGHFEQEGPHKVSSEGRSRGRKVKNAQKKPPQRGLGVAQLERLRLQEQSKQEAACLASIQVLPSFSFTDHNGGICVLPLKSGTVSHQQPGLSSALSFNNGRTGPSEKLHYLAEDGHQLGKVAVDGEGFQSIMSFANSDHSTAGTFARHAQGGQSIALIFSRNREIREHSYGCNSMRTVPSLSSLSSLSERPGSRGLGSCGTSAYAEGSSGKFPPCVQGCHGSPPSSTAKSSLLSNALTTGVNLVDSLASNAEQGKQRLSEMDRESVYMFQVTSNGVGDAGMVDAKLFPAVGKNGAVSLFTSNNLQCFESSSGPAKLRRLPQDRAEVPVAGVVTNCGRPKELSSFQSFSSNNTWSASEKICGQKRPWYDLNENTSKSMHSEGLDLNAPVGKVEAVQSGCYASLSQGHESTAGIHHTAGITGSGLDNTLPLLKDKACAALQENEAQNLSTTTDVDYHSVESFLKVSCPTKSKIKDCCSSVCSPCESPITRQRCLSSSEVPMLMEADHETSGDFLTLGISTRSYPISPQLGVEVNSKESMNHEDSHQVKRIKNFQDDALQLQMFNHREESAPSVTDGIHSPCTDTSFFSAVGLSCRFTSTSSSNVSEVCLKLTGREEKRDFLDLNLKLALX,660,1
83,Pbr038239.1,MAHEEEQTQNTSNGIIGLGSNNIISSRSSSKKTKQKKVPQRGLGVAQLEKIRLEEQQKKAAAAAILSTTPPSSLSSPTKSTSSSCPSSVPIRHFYQPPSSIPFPSLDLPSPNSIFQPPLIPPAHSGVDGRKLMISSGTVPFGMRNSYNNNNINGCGNGNHVPHLWNPCEFNVLDHKESSNPGLDPGLAFRSNLNVPFESNNNNPIWAISNFSTRTHQFHQQHPPPPLPPPPSPPPPSMVNVSTATSTSSVLNFQIEPPSNQSYYSNYAPMWPDEEKMVGMKRPYPFSLENPSVSFINFKFPTFVAPPVRTDEGTSCGNSSPFNFDPAINPNFREGPSCSNSISESNSRSSIKENGSVNGDFLTLGPPSTSWTCPSPKLKLPPSYLAFHNREVPDFESFPYQGNNADDTYYQPGPSIPNPQQAFYSFFPPAKSQSGRAATTLNNNCNGEVGESVDLNLRLX,460,1
156,Rsa1.0_00008.1_g00039.1,MVVAMDQRTNVNGDARARKEEGFDPSAQPPFKIGDIRAAIPKHCWVKSPLRSMSYVVRDICAVAALAIAAVYIDSWFLWPLYWVAQGTLFWAIFVLGHDCGHGSFSDIPLLNSVVGHILHSFILVPYHGWFTEEEKGKGIQTEYQDSTVKRIKAPVLDTTRLIQDNALTLIGRVTNPREQRIWALIPSLPRKWNLQGRAVGSDLGNNCFQFRFEREDDLQRVLDNRPYHFAYWMVILQRWEPVISPTFPSQIPFWIRIKGLPLHYWHEAMVRSVGQELGVYVEQELTKTTARVRVLVDGLKPLVVQPIIEYESGEESTIYLEYERLENHCSYCFSLSHLSDYCLKKEPSITRQGEGNGTQMSKPRQVEDLEAPSDRPRSQREEYDSRRSQRVTWQRRNSQDASQLKENDIPRSERVEKAPQLFHQRLDRYRKAYGERVSSRHTRNPPPPSRTRSPTEGVGHSRDKEHVENQQIYTSPAYVKNRDHQNRRERPAFSANPRKEISQWRVKPTTMVERQSQEPTIQEAVTPISANVNRHPLQNTSVHIPTNEEVMEELHQTTLQYLSCIDPTEAAARRQRVLQGDSQGQMEQVAAGIIEAATRAAEITVHQNAVRSEENLPHQNDEASSIIGDQTTRSPEQEIRSSGLHSYAAFLRSPIENLPTNGALRNPPTDAVIPQGQKRKRTTPARLRSAIVSPKHPQGASSKKRLRALIRTSPGGATRSSGRDGTKRHTPDRNSDVVGPSRSSNQPRTNVFPAIQRLQEINRVNAPDIFFLMETKNPTEFVTKELDWLLMETYIVPPHSPGGGGLFLAWRKEVEMTINSATNNYIDTNITYKGASFQATFVYGEPDHTKRQAVWSEISSLKNVNGGAWFLTGDFNEITDNSEKQGGPARAEGTFCAFRTFLSQNDLFDLKHAGNFLSWRGKRSSHVVHCRLDRAISNTDWTEKFPSCRSVYLNYEGSDHRPLLSFCDTTRKKGHRIFRYDRRLKGNEEVEKLISDIWEGFPNLTVESRLAMCRKAISKWCRTAQVNSQKLIASLKLQLEKAMSDSREEETKIQEINTNLLKAYQAEEAFWKQRSRQLWLSLGDANTGYFHAVTKGRRAKNKLTIIEDEAGKPWHEEEQIARVISQYYHDLFTAVPFDGGPTISKALSPCITQEMNETLISNPTDEEIKRALFAIHADKAPGPDGFSASFFQSNWSVVGPATVTEVQMFFNSAELPASMNTTHVRLIPKVTGAKTVADYRPIALSNVFYKIISKLISLRLKPILGSVISENQSAFIPGRVITDNVLITHEVLHYLKASQAEKKCPMAVKTDMSKAYDRMEWDFIEQVLQRLGFHEKLIKLIMQCITTVSYSFLINESVYGNVIPQRGIRQGDPMSPYIFILCGEVLTGLCKEAERNGSLPGAERNGSLPGVRVARGSPRINHLLFADDTMFFCYSTPTSCKTLKDILLEYERASGQKINTNKSSITFSSKTPPMVKDNAKLLLDITKEGGVGKYLGLPEHFGRRKRDLFTSIVDKIRQRALSWSTKCLSKAGKMTMIKSVLTAMPSYSMSCFQIPISLCKRIQSVLTRFWWDGNDEKKKLCWVSWANLSKPKAAGGMGFRDVQVFNQALLAKNAWRIVTEPSCLLSRVLRGKYCHKEAFLDVEPSSACSHGWRSVLHGRDLLKQNLGKVIGNGLNTKIWQDAWISLDTNIKPYGPITEDASDLRVSDLLTTDLKWNTTRIEELLPEFAAKILCLRPSQMGVEDAFIWQPLNTGIYSTKSGYHSAMTPNESIIPSSNVDWYKDVWNEKCTPKLKVFVWSILQRAFPIGENLQRRGFNASVTCPRCGNQESATHLFFSCPYAKKVWSLLPLASTAHLADFASFESAIATFHQMPCLPPSGITTNILPWVCWQLWTSRNHLIFENRKFSEEEVALRSITTAREWITAQETAKISQPMIHRGSNSLRREEEDSNITKCFTDAAYDKETRQAGLGWIFSNRSALTCKGSSFQTYVNSPLMAEALACRSSLLHATSIGLRDLRIFSDNQSLVRAINSKLASKEIFGILADIKNLAASFDSISFSHIARSLNVEADTLAKAVLRDPSSALDFSLSISASPLWAISEKEMGSIPESVPTANSSTTTVVMSSIPPFLSKTYDMVDDPSTDEVVSWSSGSNSFVVWNVPEFSKQFLPKYFKHNNFSSFVRQLNTYGFRKVDPDRWEFANEGFLKGQKQLLKSIIRRKPPQVQPPQQPQVQHSSVGACVEVGKFGLEEEVERLQRDKNVLMQELVRLRQQQQVTEHHLQHVGQKVHVMEQRQQQMMSFLAKAVQSPGFLNQFAQQQSHNEGSQQHISETNKKRRLPVEDQKNSGSNGLNGLSRQIVRYQSSMNESANSMLQQIHNMSNNNNHGGFLLGDVPNPNLSDNGSSSNGPSGVAFADVSSNPAMTHHNSPCATNQVLEETNLPYPQADLLVPNQGSGSPSPDLVGCETDNGECLDPIMAVLDGSMMLETDNELLPGGVQDSLWEQFFGESSGIGDSDELVSGSVDNELIMEQLELQPNLRNVLSNNQQMNHLTEQMGLLTSDALRK,2561,0
212,cra_locus_10414_iso_8,MNTSLPEMLHYLNTPENFNRGGGGGGGGGAAKMSVLERQQARNKWQQEQLQLQQLPIDYFGSDAQLNVFSVSAQSQHFQDLSNDQNLGGILTQAMKPDPGLADGIIHFGSIGRDNSSYGVRGYGNFTSFDVNNAVSRTASCPPAVAAAMAELATKGKETVLPEKLSSSSGRESFKKRKADKNHNPKAATEEENEEKKLKGNTEEKDAKLTAEQKSIIKNTANNNNNKTEPSDTSKENSKVSEVQKPDYIHVRARRGQATDSHSLAERVRREKISERMKYLQDLVPGCNKITGKAGMLDEIINYVQSLQRQVEFLSMKLAAVNPRLDFNIDNLIFPGTTPEX,341,0
91,410500,MAVPSDHQHRRSKKSKNGQKKQPQRGLGVAQLERLRIQEESKKAMLASSSFAAAGSCFQAQQGRVSALCLSAPHNPPLHLHHISPAQQGSGGGAAAAGRSSSSASPCSSQHNSKPDHVFDESDESSRGAAAAAAPPFVFLGSSSSCSSEANHRSTTIPLMIQPGSSSNNIVKDNLPESSEMFDPLFRTRARRVYGDGRDWPGIHTHGIPAIKELSSFQIPGNTIPALSSPNKACWTGARDGVADLGSGYSGSVDKGSSVKMIATASSSPRSLSAASSWARSEVCFSFEQQLKDSCSSSLKNAATITNSSTNLEATSSTKPASCDFLTLALAAPDPRPQFHKRPSSGLPDLKPDDDESSKFAVTTPQEASGETDDHWLLKNHHQLARKSIKLQHFGTPSMAPASPFMLDLSLKVPSIEESSLELKLALX,428,1
92,411605,MAVPSDHQHRRSKKSKNGQKKQPQRGLGVAQLERLRIQEESKKAMLASSSFAAAGSCFQAQQGRVSALCLSAPHNPPLHLHHISPAQQGSGGGAAAAYRPSNLPFLASLGTSASSRQHHKASLDPNLANISQHSVIHQLDHALMAKIHGQASADSSSCKSGISSDVSAAATVAASHHLFGRRSGRSSSSPSPCSSQHNSKPDHVFDESDESSRGAAAAAAPPFVFLGSSSSCSSEANHRNTTIPLMIQPGSSSNNIIKDNLPESSEMFDPLFRTRARRVYGDGRDWPGIHTHGIPAIKELSSFQIPGNTIPALSSPNKACWTGARDGVADLGSGYSGSVDKGSSVKMIATASSSPRSLSAASSWARSEVCFSFEQQLKDSCSSSLKNAATITNSSTNLEATSSTKPASCDFLTLALAAPDPRPQFHKRPSSGLPDLKPDDDESSKFAVTTPQEASGETDDHWLLKNHHQLARKSIKLQHFGTPSMVPASPFMLDLSLKVPSIEESSLELKLALX,514,1
14,Neem_3558_f_2,MEKYTAATPSLENAVSSLAPDEAKPEASKTRGRKPGSKATAQKKKPPQRGMGVAQLERLRLQERWKKMTEMPPLDSLSIHNNFQYQPTTHSALPEPIPSVPVMHGAGNYGVPIVAGGGLLGLDQGIVMHKVGHGGGFGGVSGGSGSGQVMMNHNRIGVDPDLKVGQVGSSSLMSLSGTSKELSSMPNMQQPWALMPHERCNICFYKKKRFHEENIGIFHGVKDNYAQTSPTNGYGFAEMMNHENNLNFNEGINGFGAFYVGHPILTNEAVVIHKNGKSMDRSVPREYEFFPGKVGRSTSLKELEFPAEASVAVCGEASCFTTTAYSANAASNSVDLSLKLSL,342,1
112,Manes.17G096200.2.p,MPRPYFHKLILSNTIRDKKLRIPDNFVKKFGNDLSAFGRLSVPGGPVWPVGLIKADDKFWFHEGWQEFMERYSIRVGYFLVFRYEGHAVFTVHIFNLSASEINYQSNALSGRRFLAFEEMGDDDFVEYLSSSSPYLLPNSLKRNVLLSKGDSISQVTNQATRDVGVQFNAIEMKNYADDVKFYVPDGEIQKPKKQGRKKRKIDPNEQQPPASQEDEAEMRFRFYESASARKRTVTAEERERAINAAKAFEPINPFCRVVLRPSYLYRGCIMDSLNSSCVMGNSGLSDAFIGEVELNX,297,0
194,XP_016436403.1,MAMYYQGSSEIQADGLQTLYLMNPNYIGYTDTQQQQQQHLQQANMFFLNSATAGNLAHGPLPSQAHTQHFVGVPLPTSFHDPSRPSVHDVSASHHGLLQRLWSSDVQNSGGGGGGGGRNESQSHIPTAVVSPNCGGGTTTDFASQLGFQRPGLVSPTQQHQGLSLSLSPQQQQQQQQMNFRSFPLDHHEISPHTNHQVGILSSSSPRTNTNNNHIRGSGASSSSFSNGMIVGSKYLKAAQELLDEVVNVGKSIKEVGAKEKDKLLDNELMPLSSDVAAAAPTSGSGETSSQKNSVAELTTVQRQELQMKKAKLISMLDEVEQRYRQYHHQMQIIVASFEEAAGIGSAKSYTQLALHTISKQFRCLKDAITGQIKATSKSLGEEDISLGGKIEGSSSRLRYVDHHLRQQRALQQLGMMQPNAWRPQRGLPERAVSVLRAWLFEHFLHPYPKDSDKIMLAKQTGLTRSQVSNWFINARVRLWKPMVEEMYLEEVKNNQEQNGLEENANNIEPNKEMRTKSSSPQETTNLRKDKQISSILQDASPTEISCSTISTSPTAGSLPAQAAGFSFIGSLNMENSTSERNNKKPRNDMQNSSSSILSMETEMKAGNTRKGEKFNGDNRQARDQSYPLMTAYSTMGEFGRFNPEQQMATRFQGNGVSLTLGLPPSENLVLSGNQHNFLPNQNIGIEMGRIETHYNRMTNPQPSHPSITYENIDFQSGKRYAAQLLPDFVS,731,0
184,SapurV1A.0027s0420.4.p,MMPAKSEKEDRRLEHRGQSPLQTNVYSQPWWREVRNSTSLVDSASKLSTVENLNGSLAKAAIQSQVNTGLQKAAMVNKDTQTDVTSQSDESNGQEHHLKHIPSPTFVTMGGHLEPNSQMELVGHSIVLTSHPYTDPQYGGMFTSYGAQAMVPQLYGMPHARMPLPLEMEEEPVYVNAKQFHGIMRRRQARAKAELEKKAVKVRKPYLHESRHQHAMRRARGCGGRFLNTKKLDNNATSPTSEKGSGDLNSSGDLEEGKESMVRGMQTPASSNGHGLSARYHSSSHDGSFLGQQKETTHGNRVSNGAVSIHX,311,0
76,Potri.T024300.1,MATPLSLFLMPNNDNKQEPTQTMAISTKPAEPARRSTATNQSKRPTTSKCQTRKKQCQRGMGVAQLESLRIQERWKAITEANQNIGALNLQPTQQLHDHYPSNYNTDNNNQMLQYGTTVNRGVPMSSNGGVFNGFLGWDHQGGVVVKRVDGFNVNNNDGFGSGQVFVNPYLVGSVPVHQVGAPAPVFEASKELSSIPKVMQHQQYEPSRCDLCFKMGGFSARAARSAPYANHNHNNNEGTSEVMAVHRKGNNPLGRNVIMEYEFFPGKNGENTCFKEMEFPPPEASVAVGTGEAFCVTTYSDYSGYSASNASNSIDLSLKLSYX,324,1
18,GSBRNA2T00149461001,MATSLSFMSTDQNTSLSFMSTDQNSVRNPNELLRNTYQLVNGEIRTEPPKKSRGRKPGSKTGQQNQKKPTLRGMGVAKLERVIAEEEKKKTVVAGGEGDTSAASPNANRLLPVLPDRGVVLQGFPSYGGGPTNTSLGGYTRSRFLCGGGAGSGQIVIDPVCSPWGFVETSTHELSSIPNPQMYNASSNHCDTCFKKKRLDGDQNVVRSNGGGFSKYTMMIPPPPPPMNGYDDQRSQGFFYDQRIARSAPVSASMNPYFNEATNLTGAMEEFGSLNPRNGTRGVKEYEFFPGKYDDFQGNSFPVATSVGDCSPNTTSSTIDLSLKLX,326,1
131,Manes.06G100000.1.p,MPLSSSEAPESSCRHLTYSRKQKSLGLLCTNFLSLYDKDGIEVIGLDDAASKLGVERRRIYDIVNVLESVGVLARKAKNKYTWKGFGAIPKALQELKEEGLRENLSSFDKQQSSNFEKLSDDDNDDEDDCDSNPNTGSQNDNAIPSGIVKSTAASRFDNRKEKSLGLLTQNFVKLFVCSKADLISLDEAAKLLLGDAHNLSIMRTKVRRLYDIANVLSSLKLIEKTHTAEARKPAFRWLGLKGKPESGPVDALAEGRKRTFGADVTNICFKRNKLDSLADGEKSNNLKLPNQIKFENVVTIADASTSGQDFSKSYQFGPFAPATVAKAGGDDNKSTQSHDWESLASTYRPQYHNQALRELFAHYMEAWQSWYTEVAGKKPIQQISX,386,0
96,Solyc07g063670.2.1,MATSLQFSSDHHPIPQENHQTTNQTSTGGRRRSSKNGQKKKKQPQRGMGVEQLERLRVQDQMKNSTIHGVHHNHQYYSNNNFPKLTPVSSFTGGGSASADPGNYSNSILNSSPVLQFPKLCAVSPNDFFMQQKVVNTGFIGSSSTNQLMISSHDHHQFQSQMNLYGFATSKPSTEKSKELYPMPNLFSSNNSCFSDRCRSCNKKKRMINGEEISVHMEDMIREKEDSGTKPLLHSYSLPSHQQKGVEIVAIHRKGSSSALSSDEGAVMMEYDFFPEKISSKSTNTYKSCFENEATMMSAYNSPESSSFAAAAAAAGNIINGEASSVTTISWAADTTTTSPTSSIDLSLKLSCX,353,1
93,XP_011095776.1,MPTSLLMAANDHQPTNPPPPQDHDHDHHPVRRSSGRRKPRGCDGSSAGSSQKKKQPQRGMGVEKLERLRMQERWKKMTEINTKNQGFTAPSFPDPALINASSVPVQLSKLGGFAAPGVPQMGLSQNQSYLGFHGQMGVGGLASDQPHYQTDLFGIGCLNNSGFVGKNVSGISKELSSTPNAVNCYSEHCNACHKKKKVNGANWGGGRAVRSDMYTQMCNVGDCGFLGLNVGDNQNIINQENHQGLGTKTPSVPHQVGNGKQGVEVVAVHMKGSGSGGWEGGNQVLMEYEFFPSAGAGKGGDEVVQQEGGSSSEASSGWMAGFDHASINCIDLSLKLSY,338,1
176,Csa14g011140.1,FATRASNTVVTNPILRSSSSVFFFFLVKFDSFDTVLKTKAINFSVFINTTMVKSSIINSRKRFITEGDIATLLHRYDTKTILRMLQEMAYYSELKMDWNELVKKTTTGITNAREYQLLWRHLSYREPLLPVEDDAQPLDDDSDLECELEPSPAVSHEASVEAIAHVKVLAASYVPSESDILNDTVEAPLTINVPYVLPEGTQEPSESPWSSRGMNITFPVCLQKATSTTEGMNGNGSASSSMAFRRKRKKWSVEEDEELFAAVRRCGEGNWATIIRGDFRGDRTASQLSQRWALIRKRGDTSTSVRQSGVQRTNEQIAVNHALSLALGNRLPTKKLLVGISTKTSSRGITETQANGACSSQGQQQSKPVVQALPGTATSKSRVVRKTTASSISRLDVMATANSVAVAACVGGVSTAASVPKVEPGKTDSPWPSCSLSVPKVEPGTSVTASSIIKAVGPTNTLPLANGKLKPVAASPSSRKRPLMDPRSEGSTMLSASAPLPSESRIVSNQRVFAATVLQPEPSAETVTCKPDGGQKEEARGNGASSPAAIQPNQMTSTNSEICRGKQATQAQSPNLLPRKIPVVKTAIHGATNQKLVNKQSDKTVIPSISGACSQSQAKCEVNNKVGPAIKGSSVCGKPAEVATMAGTGQGVX,653,0
70,Pp3c2_26200V3.3.p,MATLLMRSSEVAAVEKLTMASREQVRLQQEKVPGHFEQEGPHKVSSEGRSRGRKVKNAQKKPPQRGLGVAQLERLRLQEQSKQEAACLASIQVLPSFSFTDHNGGICVLPLKSGTVSHQQPGLSSALSFNNGRTGPSEKLHYLAEDGHQLGKVAVDGEGFQSIMSFANSDHSTAGTFARHAQGGQSIALIFSRNREIREHSYGCNSMRTVPSLSSLSSLSERPGSRGLGSCGTSAYAEGSSGKFPPCVQGCHGSPPSSTAKSSLLSNALTTGVNLVDSLASNAEQGKQRLSEMDRESVYMFQVTSNGVGDAGMVDAKLFPAVGKNGAVSLFTSNNLQCFESSSGPAKLRRLPQDRAEVPVAGVVTNCGRPKELSSFQSFSSNNTWSASEKICGQKRPWYDLNENTSKSMHSEGLDLNAPVGKVEAVQSGCYASLSQGHESTAGIHHTAGITGSGLDNTLPLLKDKACAALQENEAQNLSTTTDVDYHSVESFLKVSCPTKSKIKDCCSSVCSPCESPITRQRCLSSSEVPMLMEADHETSGDFLTLGISTRSYPISPQLGVEVNSKESMNHEDSHQVKRIKNFQDDALQLQMFNHREESAPSVTDGIHSPCTDTSFFSAVGLSCRFTSTSSSNVSEVCLKLTGREEKRDFLDLNLKLALX,660,1
186,Thecc1EG041051t1,MASSKKPTEEENKKKKKKSNSSPAKETKTALKKPDKKASTTEKANKSKPKPKPKPKPDSNKNKSSNGTLVESEVIAVPSSSTDTKEQEDENKTNKNVKSNKRKQKEKVEENEGEEEEEEEEEAKMCRFPMNRIKRIMKSEDSRVAIPQDVVFLVNKATEKFLEQFCEDGYKSSVKDRKKSLSYKHLSTVVHERRRYDFLSDYVPEKIKAEDALKERNLTETGAGX,225,0
121,Pbr033513.1,MASSHKPKTQRKPTKQTHQKLQKHHENKNPKPRKAEEMPAEKPPYWSVVRGLLTCKHLQPVKLPQKQPNEQQAMEEASNAAKKCKKMRCSGSLCNNTKITQRPELLASPEVHKKRASSSMGSSSNSNEASSRSMKAPLHEINGVVLTSSSSFSAVSSSSNNNSSAGGGGSFRAMPFRRFSGCYECRMVVDPVLGFARDPSLRGSICSCPECGEIFTKAENLELHQAVRHAVSELGPEDTSKNIVEIIFQSSWLKKQTPICKIDRILKVHNTQKTITKFEEYRDSIKAKATKLPKKHPRCIADGNELLRFHCTTFACSLGLNGSSNLCNSIPHCNVCSIIKNGFNKFSGELTEQGILTTATSGRAHDKAVVAAEEGDKRAMLVCRVIAGRVKKSLEGSVGNGNVGMEEYDSVAGAVGVYSNLDELYVFNPKAILPCFVVIYGGYX,444,0
141,Bradi1g26980.4.p,MSTAAQPPISVSGDSSPSSPTTSGSSSRSSSAAAAGSEDPALLGQATSTSAGDDAAVPTSPRMGMYFETEEDAYEFYKAYAARLGFVVRKSNKSKNSRHTVTRRLFVCSKQGFRQEPKKPQDETNSALVAAAASPPPPRCPDSRTGCMASLTIKLIPSANAFRVTDFVIEHNHPLASAAPALSLAMIPSSSSHHTIAAAASLPDPRDGPRTDMHFETEDDAYVFYNRYAEHVGFSVRRSYKKRKRGVIVSRIFVCSREGVSDRAKHEGLAIASTNTGTGAAGTPRPGPPPTRTGCQARMVIKITPCRTYRVAKFFADHNHPLANSETVHKLRSHKMKARAHELGTGEHHRKKQGKGVQLGDAGAALEYLERLQVGNPSVYYAVGMGPDGHSATNFFWADAKSIIDFRSFGDVVCFDTTYELNVYGRPFALFVGVDNHKQLLVFGAALLYDDSIQSLKWVFQAFADAMRARQPKTILIDERSACAIAAAEVWPGSNYCTSVWHIYHNSKRHLKQVFENSKSFGNALSQCLFDCEDEMEFLSAWEKLVEKHEISEGEWLSRLFLEKEKWALPYRRTMFSADIITTLRKDNMINELKRELSEQEDILQFFKRYETMLEEHRSKKLQADVDGNQVTLPIPSLRMLKQASNAYTPEAFKMFQGEFEAYMNCMSFPCSGIGTISEHKVTLDEKPSEGIVKFDALDGSATCSCRKFESVGIQCCHVLKVLDLKNIKELPEQYILKRWRKDARSVRMGEEPNYGSVSSMRSSSEVRFGNMCRFVSLIASRAAKSEEAVAYIGSQSSVLLKQLDDILQTGYPEIGNRDVASSSQAISFVGNQHPDHTTQARAVAQANGRHNHDKLQKLLX,861,0
192,LOC_Os09g36160.1,MAGFPLGGGSHSRDNPAPPVPPVHPADAASFLYATRGGSFQLWQQQEQQPFYASNIIRFADDAPPAPSLAGASSSSSSRGMRSSGGGGGGGGGGISCQDCGNQAKKDCTHMRCRTCCKSRGFACATHVKSTWVPAAKRRERQQQLAALAASAAATAGGAGPSRDPTKRPRARPSATTPTTSSGDQQMVTVAERFPREVSSEAVFRCVRLGPVDQAEAEVAYQTAVSIGGHVFKGILHDVGPEALAVAGGGGASEYHFRLTGDGSSPSTAAAGEAGSGGGGNIIVSSAVVMDPYPTPGPYGAFPAGTPFFHGHPRPX,316,0
185,Cucsa.307210.3,MADAPASPGGGSHESGEQSPRSNVREQDRFLPIANISRIMKKALPANGKIAKDAKETVQECVSEFISFITSEASDKCQREKRKTINGDDLLWAMATLGFEDYIDPLKTYLTKYREGDTKGSAKGGDGSAKKEAHPTPIPQMAHQGSFSQGVNYASSQSQAQHLMVPMQGTDX,172,0
51,Jcr4S03297.40,MASSLPFLLRTTTEQTQRASKTHIESESTKSDQPTRKSRGRKPSKGPPRNKQPQRGMGVEQLERLRLQERWKEITETNQVDSLNLQPDQLSVPDPIHSFPVQYGTVSYGVPVINGGGFLGFDEGGLFFKRIENGGFGQELNRSHSSGQVLLNPYAFGAPDMRVRVGSTGTAFEISNELTSMPKGMHNLDNIPSDVCFKKKRFNGESIGYQNGSKEKFAEISPINSSDFLGLNLENKININHNNENQMGGFTARAARSAFYASHNLTDQSVQVVAVHRKANPTMGGNVFMEYDFFPGKTNGKNSAEALAVVGNAGGEASCVSNSVDLSLKLSF,332,1
48,Gh_D01G0542,MATSLTLLTPNTDNPTTKPMEDEAKPAMEFVKSNKGRKSSGKGPYQKKQPQRGMGVAQLERLRKMSETRTTTTINQFGCEAMGASNVPVLHGVANYGVPPMMINGGSGGLWGWGADTDGLMMQRVVGNGGFGGFNSQVLVGNPGNVQVGCAAASVVEASKELSSMPKFQHCKPEHCDLCFKKKRCNMENGKFNGGLFNQFGQAFPNKGTDFHGWNLENNQNTNEEMMKGFSARAARSAYAYAAAGQMNINETVDVVAIHRKGNSFGTGSYVMEYEFFPGKNGRNTASKEWEFPEEASSSAITVGGEASYANNAPNCVDLSLKLSY,325,1
162,Potri.010G167300.2,MGRVKLKIKKLENTNGRQATFAKRKHGIMKKANELSILCDIDIILLMFSPTGKPSLCKGASSIEEVITKFAQLTPQERAKRKLESLEALKKTFKKLDHDVNIPEFLGTSSQTIEDLTSQSRLLQNQLSDVHKRLSYWTNPDKINSIEHLGQLENSLRESLNQIRSCKENLGKQHLMSLDCHTQFQNEMHVPFRMGAEQQLSPLLWIPNNDSQHIMLPEEQNLLPHRDAECTASTSFGSYSGYFGAGKNSELSSSGQESGMNGILDELNGTASLRLRLAGQYPYLPGPYNLNLLNDTKFQPAAEMNIQKGPGDFNVSGSFEAPKPEYDSGPHGWASTSGSCAVTMFDDHLYAPQPHX,356,0
210,Gh_D11G0826,MSQCVPSWDLDDHHVTARHSLRSNSNSTAPDVHMSDYEVAELTWENGQLAMHGLGPARVPAKPLVSNPPSKYTWDKPRANGTLESIVNQATRVPYLKVSLDDGRDELVPCLNKHREAAASSATIAMDALVPCSKRTEGRTAHAMESIPGLGRTCLVGGSTRVGSCSGRAGTNDDEVLVSGKRTRAARAPLMPEWSSKEQSASASATFGRERDSRCVTLDTYEKDFGMGFTSTSLGSPENASSTKPCTKATTTADDHDSVCHSRPQAKKEFEEDKKETGKSSVSNKRSRAAAIHNQSERKRRDKINQRMKTLQKLVPNSSKTDKASMLDEVIEYLKQLQAQVQMMNRMNIPQMMLPMAMQQPLQMSMLAPAMGMGMGMGMGMGMGVMDINTIGRPNITGISPVMPNPFMAMTSWDGSGERLQQAASAAAMMPDPLSTFLACQSQVTFVSHHVCVYRLSILLSKINRTLLQPMTMDAYSRLAAMYQQMQQPPASGSKS,496,0
54,Kaladp0011s1291.1.p,MASPSPLLMIVSQGSTKPQPGSSNQEYSSPKSEHPKLPRGRKPTKSNKSPMKKKPSQRGMGVERLERLRLQEKWGGGGSSLPEAAAALPAHLHQFQPPPHPLIPVAAPSPAAHFGPQLLNMADPKVRLLGGGSCGSWMARGWVGGLLETSRKELSSIPKLMPCHHHQCDACCSKNKCHHALTGLHSNHGHTVGLEMKDFNGITMRQIYHHINKQEAEMMGVTRLASGLKDLSSFLAYALQIATQTASLGPLSSTLITLALSLRHITPFQATNTPLLQPAMPX,282,1
120,Pavir.6NG295600.1.p,MEDPYTSFFKNPYYYYTTSFPAAAPAPHIPPPLPPYTSRYPPSSAATPQYPACFFQPQPTLPPLHDSPPSPPLREALPLLSQSPTLGASRPRHVAADYDADDFLREVVGSSATPSARAPLFADLNCMPSCCDDGDPMDVEAGSSTDDAAVALRIGLPAAPANGCGGTEPDLLSGLTGRACGGMEPEEDEEECKVDAGDGDEVVPLGFASTPIGRLNKGQYWIPTPAQILIGPTQFSCPVCYKTFNRYNNMQMHMWGHGSQYRKGPESLRGVQPTAMLRLPCYCCAAGCRNNIDHPRARPLKDFRTLQTHYKRKHGLKPFLCRKCGKAFAVKGDWRTHEKNCGRLWYCLCGSEFKHKRSLKDHARAFGHGHGHGAFGCNADEMVDDDDGAVSEIEQDCCRSSARX,404,0
200,XP_009149369.1,MEKDDFLKSRHGGEERHAEMRKLDASHDDPHQDIIRSKMNDGCQWRKYGQKIAKGNPCPRAYYRCTIAPSCPVRKQVQRCSEDMSILISTYEGTHNHPLPLSATAMASATSAAASMLLSGASSSSSAAAADLHGLNFSLSGNSNIPKPKSPFLQTSSSGHPTVTLDLTTSSSSQQPFLSMLNRFSAPPSNVSRSNSYPSTNLNFSNSTNTLMNWGGVGNRNEQYRAAYGNISTLQQSPYHHVIQTRIAGSSLDPFGRSSSYSPHPTQTNLDYVGIKSITHQVQYLPAETIKAITTNSNFQSALATALSSIMGTDVKMDNVTRNEAEKSP,329,0
81,Pbr021197.1,MATPMLLMASERNTTKQPAKTLFGSYDESKSEPTKPTKTTKKSSTKASSNTKKQPQRGLGVAQLERLRLQDWKKMTEVPQLQPQPQVLNLPPLPHHHHHHQYQNPINLPDPLNSVPVQYGASRFNGPSVMNGCGGSAASTTCFYGLVGQRVGNGSGFGYAGGNNLVTNLDPSPYGVGAPDPRVQSGAVYETSRELSSMPKIQSLSSDCCDHCLKGIQKKRFISGDYMALNGWSDKSATVSPINGSDFLGLNPETGSFGDRVVSRAARYLGRSNLVDDQGVGVRAVHRKGGSAGGGIFMEYEFFPAADHQKSDEIKRGGTYPKLQTVGREEEEEASDISPAATFKGYGIGAADSYHDHQQHHNPVDLSLKLSFX,373,1
145,Cre08.g358532.t1.1,MMAQAQPPQQQPSLQVFLWLGAGQQRADGRIQYSSFRLNSTDYRVGDCVFLFPEDESYPPYVARILSAFVDTQVQEGSDPHCIEVKWFERRVNLEPTTKGIEESEREVFELEDTDVNPIGCISGKCRIVKAHNYEEARLRRSAAATGGSGGGAGGAEAAGAGLGPSGPGPSSADPWFFCRGYFQQTTNSFVAYTPDEMARPDVALDVGLVDTAAHAHGAGAGAGHLAGLAGPGLGGGGAGLSEQPPTPTRLRGPNTAAGSGPVWGLPHGHAGKAAALHSSHHSQHPHAGSGADPHHMADPGEAGVCWGAAGLDGEGGDGGAGPEDDEEYSDPDNNHNDNRGGGGGGAGAGAGGRNHHYAGGASGGGRARAAGGHHAAPAQQQPSSKKQKATGRTCLECGATTTPQWREGPMGPKTLCNACGVRYVRSQQKAAGQKRGGHKNGQKTDAARGQGARTKRKPHHGGGSSGEDX,470,0
206,Lj0g3v0268879.1,MRKSHVVVRRVESPTGRNVRYGECQKNHAVNVGGYAVDGCREFMASGAEGTSVALTCAAYGCHRSFYKKEVWPEAECDCSSSPSASGR,88,0
65,Phvul.005G087800.1,MASEHNMFHEEEGKDEAGRSRSRSRRTNGKGPKKPPQRGLGVAQLERLRIQESWKKMSEGSSGVLPVTALHDHHQQQLFQRHPSPNLGFQFQCPQHVISGNNNIGGDWIVPNRVVGNGSYGSGPPLLVGTPLETSKELSSIPNLHSQPECFDFCLKKTRFNEDNEKGSNARRERTLEIWPNGHDFLGFMPQSSVSNLVGETSDFYDKLARHDSASAYACATPNDECVEVVAVHRRGNSTSGRVFMEYEFFPGKDGRGTTSKELEFPTTGSVAVGSGEASSITAAAYGDSASNYIDLSLKLSRX,303,1
107,XP_015897234.1,MATPLILMATHEQNTARDQSTTNKVHLGSEEPKPETSKTRARKSGKGSNPKKQPQRGLGVAQLERLRMEERLKKMSEIAQLQQQQQPLNLLDQYNFQKVSDPLGSVPVQYGGGGPGPVVINGSYNGTGTGTGLYGFERGGGLAVQRIGNGGFGCGSSGSGFNVSGTRINPILVEPNPYGIVGAPDQREKVGANLYETSKELSSMPKMHTSSAVVFSDRCDVCCKKKRFNGESSIVVHGGKEKCSKELPMGGTNIFLGLNSESISPLIGETFGLGAGASLRSTGYYSGRNIDHEGVEVLAIHRKGNLYAESGGGVLMEYEFFPAGKEEYEYGSTFPKDTEILPLEASVPVNGSKASNHVDLSLKLSY,366,1
103,Tp7g25250,MATSLFFMSTDQNSVGNPNELQRNTHLIAVSGEIRTEPQPHKTRGRKPGSKTGQQKQKKQRQRGMGVAQLERVIAEEEKKKMVVVSGGGGGGGDVSPASPNATRVPILPDPGVVLQGFPSYGGGPNTSVGVCTRSRFLCGGVGSGQIMIDPVYSPWGFVETSTHELSSIPNPQMYNASNNRCDTCFKKKRIDGDQNVVRSNGGGFSKYTMIPPPMNSYNHLRPSDQRSQGLFYDHRVARYSAPPSASTNLYFDEATNHTGSMEEFGSGNPRNGTEGVKEYEFFPGKYDNFSGKYGKSVSVATSVGDCSPNTSTIDLSLKL,320,1
100,XP_010520887.1,MATSLFFMATDQNPAANPQALLPRNTHLVGTGEIRSEPPRSRGRKPGSKAAQNQKKIRQRGMGVAQLERLREQEEKKMADASSTIPNPNTRFPIPDPVVIGSFPVLQGLPSYGGPTICPVVGPSGSGSGPVVPKINRSFTRFAGFCCGTESGQIPVDPPPVYSPETWGFIETSKELSSMPNPHVYNCSDRCEVCFKKKRYDGDGIRSNGGGICRYGMISPVNGHDTPVFVQERNIPISGYDHRNGYLARTVTAPPGPLNCSNPCSNYEGSMEMLGSYMRGNPRNGGPAPIIKEYEFFPGKHETFSGKHETFPGKYGQRAYPKEMEAPVVSVGDCSTNTSAIDLSLKL,347,1
216,GSVIVT01009665001,MGDGEESTPPKSSKPPASTQETPSTPSYPDWSTSMQAYYGAGATPPPFFPSPVAPPSPHPYLWGGQHPMMPPYGTPLPYPALYPRGALYAHPSMATAQGVALTNTDMEVKTPDGKDPASIKKSKAASGNMGLISGKSGESGKAASVSGNDGASQSGESGSEASSDATDENANQASSAVKKRSFNLADGSNAKGNSAAQYTGGNHSASVPGKPVVPMPTTSLNIGMDLWNASPAGGTPMKTRPQSSGASPQVASATIVGREGMLQDHQWIQDERELKRQRRKQSNRESARRSRLRKQAECEELQSKVEILSNENHVLREELHRLAEQCEKLTSENNSIMEELTQLYGPEATSSLQDNNHNLVLHPINGEDDGHVQDASPLNNSSSTSDQNGKFSSNGKIX,399,0
122,Peinf101Scf01267g05022.1,MTDPEAEVIALSPKTLMATNRFLCEICGKGFQRDQNLQLHRRGHNLPWKLKQRTSKEVRKRVYVCPEKSCIHNHPSRALGDLTGIKKHYCRKHGEKKWKCEKCSKRYAVQSDWKAHSKTCGTREYRCDCGTIFSRAFCDALAEETARISAATNMHNPLAGNNINYHFIGAPLGTNMAQHFSSLFKPVSSNNENTDPMRRELSLWNMGQVSQDQQETIANNNLQEIHQIGPFQTSAAPVYDTNSLLATRSNPPPTSYWELVGSKISSINNAETLTNTSTNMSVPSLFSTQHQSHQQTTPSSANMSATALLQKAAQIGATTTDPSFLGNFGLNNCNNNNSKNINQVIHEAGNKGFCGSFYVTTNNSITTSLGSDLESSVNDFSTMNQLQMYPPNKRRHIQTREDSVTGGGGGQTRDFLGVGVQSICHPSSINGWI,433,0
150,EcS719901.10,SGEESKKLFQRIWGDDDELALLQGMIDFRETKGMDPFANTNAFHHFVKKSLGQEFTHSQLANKIRVLKKKYSNNEGKGKDGEDRSFSKPHEQKVFELSKKIWGANKSSDAGGSGEQTPMPKANGTAKKSKAATAAKVPKLKMETSLERPKENGELVLSEHIDAGSMLSCDYKMLQLSALGLDQDFMKKGWEMLDQSRKEELKERWMKVQLAEMRVLAERATLISDQTNLVLEAYERANGN,240,0
142,Gh_A02G0227,MYSGIRSLSLDGCVGDYQGSLDGTNLPGDACLVLTTDPKPRLRWTAELHERFVDAVTQLGGPDKATPKTIMRTMGVKGLTLYHLKSHLQKYRLGKQSAKESTDNSKDASSIAERQDTGSSTTASSRMIAQDVNDGYQVTEALRVQMEVQRKLHEQLEQVQRRLQLRIEAQGKYLQSILEKACTALNDEAAASTGLEAAREELSELAIKVSNDCQGMIPLDNIKLPSLSEFTAALENKTASNMPTRIGDCSIESFLTSSRSPLSQTGVGSQAVTMKRPRLPFGIGDSFPLGGIRPEIEWVMPNIS,304,0
104,Thecc1EG031289t1,MATSLTLLTPNTNNPTAKALEDEARPAVGFVKSNKGRKPTGKGPYQKKQPQRGMGVAQLERLRLQEKWKKMTEATTTTITTPTTQFPSDPIGTTNIPVLHGVANYGVPMMINGGNGGLLGWGDTAGLVMQRAVGNGGFGGLNGQVLVGAPGSVQVACGAGVVEASKELSSMPKLQHCKPDRCDVCFKKKRCNGDNVRFNGGFNQFGQILPNKGDHFLGWNQENNQNINEEINGFSARAARSAAAYAGHMNINETVEVVAIHRKGSSMGTGSVLMEYEFFPGKSSRSTSSKEWELPAEASVAVGGEASYANASNCVDLSLKLSYX,324,1
147,Rsa1.0_00323.1_g00019.1,MYKHPRQEVEAYPLPPSESNSVGKLRYVPVNNSRKRYCMLEPSSSPDSTVLVSNNNNNNSGYEDTSASCVTDDFNDKIKELETAMMGPDSSDLPLYYNDSFASTSSQETNSWRSTLEAVSRRDLRADLVSCAKAMSENDLMMANSMMEKLRLMVSVSGEPIQRLGAYLLEGLVAQLASSGSSIYKSLNRCPEPASNELLSYMHVLYEVCPYFKFGYMSANGAIAEAVKNENRVHIIDFQIGQGSQWVTLIQAFAERPGGPPWIRITGIDDMTSAYARGGGLSIVGNRLARLAKKFNVPFEFNSVSVSVSEVKPNNLGVRPGEALAVNFAFVLHHMPDESVSTENHRDRLLRMVKSLSPKVVTLVEQEANTNTAAFFPRFMETMDYYDAMFESIDVTLPRNHKQRISVEQHCLARDVVNIIACEGADRVERHELLGKWRSRFGMAGFTPYPLSPLVNSTIRTLLRNYSDKYRLEERDGALYLGWMKRDLVASCAWK,495,0
86,Rsa1.0_00121.1_g00037.1,MATSLSFMSTDQNSSLSFMSTNQNPVRNPNELLGNTYQLVNGEIRTEPPKKSRGRKPGSKTGQQNLKKPTLRGMGVAKLERFIAEEEKKKMVVTGGEGGGGGDTSAASPNSATRFPDRGVVLQGFPSYGGGPTNTSLGGYSRSRFLCGGAGSGQIVIDPVCSPWGFVETTTHELSSIPNPQMYNASSNNHCDTCFKKKRLDGDQNVVRSNGGGFSKYTMMIPHPPMNGYDELLPPDQRSQGFFYDQRIARSASASFNPYFNEATNLTGSREEFGCVNPRNGTRGVKEYEFFPGKYDDFQGKSFPVATSVGECSPNASTIDLSLKL,325,1
60,MDP0000236327,MESESHLPTWKFVIGEKLTRLHGGLGRRGGSYILLLHTHGMDTCRLITQLGLLTKQTQWMANAGITCLICVTKAVWCSKIVHGNEEIMLQIGQSSNPTLPRVSRYYVVLALPPPVLWERALQLDLALERDMHLSEVWVGFCKVQTLSGICVLSGVGNMATPMLLMASERNTTKQPAKTLFGSYDESKSEPAKPTKTTKKSSTKASSNTKKQPQRGLGVAQLERLRLQDWKKMTEVPQLQPQPQVLNLPPLPHHHHHQYQNPITLPDPLNSVPVQYGASRFNGPSVMNGCGGSAATTTCFYGLVGQRVGNGSGFGYAGXNNLVTNLDPRPYGVWAPDPRVQSGAVYETSRELSSMPKIQSLSSDCCDHCFKGLQKKRFNSGDYMALNGRSDKSATVSPINGSVFLGLNPETGSFGDRVGSRAAGYLGRSNLVDDQGVGVRAVHRKGGSAGGGIFMEYEFFPAADYQKSDEIKRGCTYPKLQTVGREEEEEEEEEEASDITAAATFNGYGIGAADSYHDHQHHHHPVDLSLKLSF,533,1
189,OPUNC04G09660.1,MVDQFADSSNNMIIEEVNKGLNPGTIVLLVVATLLILFFVGNYALYMYAQKTLPPRKKKPVSKKKLKREKLKQGVSAPGE,80,0
0,Achn165251,MQDRGRRKSKSSDAAVQKVKKQPQRGMGVAQLERLRLQERWNNMTEIGNFPPQPLSLHNPYSLSPPSYQNPVSTTQFGHGLNPVLFQNGRVGGVFPGQFQADPYGIGAPNPSVRVGNVGEPSSELPSIPNLEGFSDHYVVYHKKKRVDGKNLGCNGMRGKPADLYPIHGCGFQGFNQELEVLAVHRKGISGVVMEYEFFPETRGRGTCSNDLELGLSEASVTTTSSGFDASNSVDLSLKLSYX,243,1
199,XP_013635058.1,MASSNRHWPSMFKSKPHQHQWQHDMNSPLLPSPASHRSSPFTGCEVERSPEPKPRWNPKPEQIRILEAIFNSGLVNPPREEIRRIRAQLQEYGQVGDANVFYWFQNRKSRSKHKLRLLHNHSKHSLTPPQPQPQPQPLSSASSSSSSSSSSSKSTKLPKTKNKKNNNNTNLSLGGGSQMMGMFPPEASFLFPASTVGGFEGIPDSSQLGFFPGDMVEQPKPAPPTVGPCTGILLSEIMNSSVSYGTHNHQQLSEKEDEEMRMKMLQQPQICYAATSDQISSYNNNNNNIMLHVPPTASTTTTSNPLAIVPSTLDQLQVQAGARIRVFINEMEFEVSPGQFNVRDAFGEEVVLINSAGQPIVTDEYGVAIHPLQHGASYYLI,381,0
98,Sopim07g063670.0.1,MATSLQFSSDHHPIPQENHQTTNQTSTGGRRRSSKNGQKKKKQPQRGMGVEQLERLRVQDQMKNSTIHGVHHNHQYYSNNNFPKLTPVSSFTGGGSASADPGNYSNSILNSSPVLQFPKLCAVSPNDFFMQQKVVNTGFIGSSSTNQLMISSHDHHQFQSQMNLYGFATSKPSTEKSKELYPMPNLFSSNNSCFSDRCRSCNKKKRMINGEEISVHMEDMIREKEDSGTKPLLHSYSLPSHQQKGVEIVAIHRKGSSSALSSDEGAVMMEYDFFPEKISSKSTNTYKSCFENEATMMSAYNSPESSSFAAAAAAAGNIINGEASSVTTISWAADTTTTSPTSSIDLSLKLSCX,353,1
172,Vradi01g10980.1,MEFLDEDARPRFVFQSAAAFGGRHGVESVIKKAKELGEKKVDDSDSYALFLKNRKALDKRVVEENGGEDSVTVEKVVENGWSSGEDIALLNALKVFPKDVSMRWEKVAAAVPGRSKAACMRRFTELKKGFRNAKAAAEX,139,0
57,Lsa002750,MTTSMVMEMNLGENSGVKQSVNGGGGRRKTKGSELTQKKNKQPQRGMGVEQLERLRLQERWKKMTEVPSLHHPFALPAFSSSSCTTVPNPNTGVQFRPAQGAAPAMLFHGIGIHGTNLFSTAEHVMDPSVNVGFRFDNSKELSSIPNYVVKCASDGCGVCHKKKRIHGGSNSCSVNPFRNLAGNNSVVEMIDAAKTRLCSGQVTEVISVYRNGGSAMTEYEFFPEKGGRGTTSKTCCGSGSGSGSGGSVGGGTVALHGGDRSCVTAAITGNEEGSISSVDLSLKL,285,1
84,RrC1313_p5,MATSLSFMSTDQNSSLSFMSTNQNPVRNPNELLGNTYQLVNGEIRTEPPKKSRGRKPGSKTGQQNLKKPTLRGMGVAKLERFIAEEEKKKMVVTGGEGGGGGGDTSAAASPNSATRFPDRGVVLQGFPSYGGGPTNTSLGGYSRSRFLCGGAGSGQIVIDPVCPPWGFVETTTHELSSIPNPQMYNASNNHCDTCFKKKRLDGDQNVVRSNGGGFSKYTMMIPHPPMNGYDELLPPDQRSQGFFYDQRIARSASASFNPYFNEATNLTGSREEFGCVNPRNGTRGVKEYEFFPGKYDDFQGKSFPVATSVGECSPNASNIDLSLKL,326,1
166,Sopen05g031840.1,MDYHGQKIEVVGRGREGGRGDSKEEIKEEEIVMDLRRGPWTVEEDFTLINFIAHHGEGRWNSLARCAGLKRTGKSCRLRWLNYLRPDVRRGNITVEEQLLILELHSRWGNRWSKIAQHLPGRTDNEIKNYWRTRVQKHAKQLKCDVNSKQFKDTMKYLWMPRLAERIQAAAATSNPTAASSSGPTTTYVQSQEIQHLLPNMNHHVPEYLPIQLMNIEKTNSLNYSATSASSDNYSSDLTDGCYNFSINQSNNQDHSQVNQSTNQLLYVESTINPTSYNFHPGFQGFQEVDQQNNTQWMENPWNIEDMCFLQQLNNDM,317,0
58,Lj0g3v0072869.1,MEEDQEDIPRSYSNGGGSGGGGGNNGRSLKKAKQRKVPQRGLGVAQLEKIRLEEQEKRDVNGTPISSSSSSTKSSYLNNFHHSSSTTTTPLPTRPP,96,1
8,AT4G27330.1,MATSLFFMSTDQNSVGNPNDLLRNTRLVVNSSGEIRTETLKSRGRKPGSKTGQQKQKKPTLRGMGVAKLERQRIEEEKKQLAAATVGDTSSVASISNNATRLPVPVDPGVVLQGFPSSLGSNRIYCGGVGSGQVMIDPVISPWGFVETSSTTHELSSISNPQMFNASSNNRCDTCFKKKRLDGDQNNVVRSNGGGFSKYTMIPPPMNGYDQYLLQSDHHQRSQGFLYDHRIARAASVSASSTTINPYFNEATNHTGPMEEFGSYMEGNPRNGSGGVKEYEFFPGKYGERVSVVAKTSSLVGDCSPNTIDLSLKL,314,1
165,XP_009780273.1,MEFLNRCSTSTTSSSCESSSSESSLSGKTPRDGKKSERIKGPWSAEEDKILTKLVERYGARNWSLISKYIKGRSGKSCRLRWCNQLSPNVQHRPFSQTEDDTILAAHAKYGNRWATIARLLPGRTDNAVKNHWNSTLKRRYQQLLQQQNQSSVVFSDVKINGSTSESGPCMDYMNANDSPVRGNFPINNVVTTNCSREFDDPMTTLSLAPPGMGGNELPEKKTESFPAGFWDVMRDVIAKEVREYVASSFSGASTGFP,258,0
163,Bostr.25993s0208.1.p,MVRGKTQMKRIENATSRQVTFSKRRNGLLKKAFELSVLCDAEVSLIIFSPKGKLYEFASSNMQDTIERYLRHTKDRVSSKPVSEENMQHLKYEAANMMKKIEQLEASKRKLLGEGIGSCSIEELQQIEQQLEKSVKCIRARKTQVFKEQIEQLKQKEKALAAENEKLSEKWGSHETWSNKNPESGRGDEESSPSSEVETQLFIGLPCSSRKX,212,0
50,HL.SW.v1.0.G005922.1,MSTSLRFGVMATDEISPSHHELRTNKGALSSVNGSLEAKREVGGGAKSSSGRGRKPTNKGPSNTKKQPQRGLGVAQLERLRLQEWKKINEMPQQVLHPGTPTAAGALNFPVPAPVVDHNSFQFQMVPNSVITAMTEPLHSVPVQYGAGGSYGAGTTRFLSAVVHQPGHVAAASGFMSCSGDCGSSPAGILEHRSVVVDPHHPHPHPHHHLHHPYHHCYGILNSNGSLGSSPDQMFPAGAAVYDHHPHHENSKELSSIPKMQSFINPSQLQDRSDFCFKKTRFNGENIGELTLGLGTRGVRSTSHDDEGLEIVAVHRKVNSVSGGVVMEYEFFPGKNDSCGISGTGSNEILMKKMPTSSDHPTSISVADEASYINTFSASAAATTTTYGSDISNPVDLSLKLX,402,1
155,Oropetium_20150105_27030A,MVKKLDATVKGSSTQSSSCEAKVVKLENLLPKTLHMKPLGLGILASMGRIQEQPSGRIWFELIKHRKFGRPECPTRVADDVAPICGATTDNGSFRASRDGCEKLSEMTVTGVSYSRRSGWPCNCGARTSDGSPCMNRPVEGRKRCALHKGQRASCSPIALVAX,163,0
41,EcC040153.10,MATSAATHPLLMAATEPPRLEVTANATNNGIVTSGADQNRREPSKPRSRRTGKTHPPKKQPQRGMGVAQLERLRLQDQERWTKMSEIPPQPYTPYFLPHSNPQRPGFPFPGSLDAVGGVPVQYRTPPTHLPPVSTGLGLGLGLGMGKGFLVERKDDGGVDQGRKAGVSVRARVMFDAFGAGAPVGQGGSSKAVETSRELSSIPNVQKCVSDRCDVCLKKKRMDSQSAGLFINRARENCPEKMGVSDCDFLGLNLEIPPSKAARTPIYTTHNLGDDDQNVEVTAIRRRVNVWGGGVSMEYDFFPGKSGRSTWTEGRNFPAGGEVAADADASEDGGGEASNSIDLSLKLSC,349,1
78,Prupe.4G171200.1.p,MAQEDQTQKCSNTSSGASLGFASITRSSSKKTKQKKVPQRGLGVAQLEKIRLEDQQKKAAAAVILSTPSSLSSPTKSTSSSCPSVPIRHFYHSNHNQPPSSIPFPSLPSLDLPSPNSIFRPPLIPTQNIDVIRKPISTVPLGNNNNNNGGHGFEIQGHGNNNVPNLWNPCDFNLDQKESSNSGIDPGLAFRSTLNLPFESNNPIWPLTNVPQRTQPYHQQPPPPPPSMVNVSSATSSSSVLNFQIEPPSNQSYYSNYTPMWPDEEKMVGMKRPYPFSLDNPPGPSINFKFPTFVAPMRADEASSCGNRYTFNLEPSGNPIFREAPSCSTSISESNSRNSIKENGSVNGDFLTLAPPTTSSRTCPSPKLNLPSTYLAFHNREVPEFESFSYQGNAEDTNFQPGPSFSHPQQAFYSFFPPAKAQIGRAATTINNNCNGELGESVDLNLKLX,449,1
154,XP_010098082.1,MGVDMSNTPPTSHTKDYFASPALSLSLAGIFRDAGAAATAANMEVEEGEEGSCGGKKDDTVEMSSENSGPARSRSDDEFDGEGEHDDDGTGDGDKNKKKKRKKYHRHTADQIREMEALFKESPHPDEKQRQQLSKQLGLAPRQVKFWFQNRRTQIKAIQERHENSLLKSEIDKLRDENKSLREQINKSCCPNCGTSTVSRDATMTTEEQQLRIENAKLKAEVEKLRAAIRKHPLGATSPSCSAGNDQENRSSLDFYTGIFGLEKSRIMEIVNQSIDELVKMATAREPLWVRSVETGREILNYDEYVKEFNVENPSNIKGPKRSIEASREVGVVFADLPRLVQSFMDVNQWKEMFPCMISKAAMVDVICSGEGDNKNGAVQLMFAELQMLTPTVPTREVYFVRFCKQLNAEQWAIVDVSIDEVEENIDASLVKCRKRPSGCIIEDKSNGHCKVTWVEHLECQKSTVHTMYRAIVNSGLAFGARHWIATLQLQCERLVFFMATNVPMKDSTGVATLAGRKSILKLAQRMTWSFCRAIAASSYNTWTKVSSKTGEDIRIASRKNLNDPGEPLGVILCAVSSVWLPVSPHALFDFLRDESHRSEWDIISRTGSVESMANLAKGQDRGNAVSIQTMKSKENSMWILQDCCTNAYESMVVYAPVDITGMQSVMTGCDSSNLTVLPSGFSILPDGVESRPLVITSRPEEKTSEGGSLLTVAFQILTNTSPTAKLTMESVDSVNTLISCTLKNIKTSLQCEES,755,0
67,PDK_30s689881g001,MVLEEEQARCSSGSRGGGKKKNKQNKIPQRGLGVAQLEKLRIEEQQKNVASSSSSASQGMSLFPSQQPILPFLTAPNDPNPMLRPVVNPDPLLGHPETISTPASYFNNTLPQVLENSIAGSGNSGNGFLPMLWNTAEPSPLNAGALPRDFGFRTPPDAEWRSSGLLRRRQQQQVSPISVVNKALPPSSSGASLQMEPPSNQSYTSNYNLSSFWPEEERLWLFMDAMRCIDCRGETSSSSICDIECKRFVDLDNSNKENGGAMDGGFLSLGLSPMSCIPKLKQATLIQPPSVLDYPEFSFVPSQGSMSDAISSSQPPFYSFLPMGPNSCEKTLNEPRREALDGVDLNLKL,349,1
128,AA33G00283,MVEEGENGEFPPKKEVTEESDIPIKKSARQLDFSGGLGVEHSSQSSKTTVSVHSPTTTTIPRPNVMGIGQIRSTMTVVTSQTQGLHVPLKIPKAESPKSRARPAVESRDGTPQKKKQCNCKHSRCLKLYCECFASGTYCDGCNCVNCFNNVENEPARREAVEATLDRNPNAFRPKIASSPHGARDNKEEIAKHNKGCHCKKSGCLKKYCECFQANILCSENCKCLDCKNFEGSDERQALFHGEHSQNLAYLQHNTNAAITGAVGSSGFAPSPAPKRKKTQEIFFTQATKDSSKQFQQVTSPTPVSTAGGNSPLVSSSKPAYSSLLADIVHLQDVKALCSVLVTVSDERSKIPLPDQSNKRLEDQTETSLASSTQDQGEIKAANGPLSPATLALMCDEKDTMFMVADSPTTTSQLPNGQDQVYAEQERVILTKFRDCLSRIISYGELKESNCSLSRMELDSPVHTSVKIEPREPREQQGPVVNGVSRTITTPTKQQTSQLITRTIPQNTSQIHLHKPPALPEK,522,0
66,Phvul.011G157100.1,MGEDDESSKSKNDGAGAGGSRKGAGRPCKKPKPKKVPQRGLGVAQLEKIRLEEEEKEKAAAAAATSAIGSSNNSPCDLRLQFANFPHTNHPSSPNSLPSSTVSLANSGGSEACLHGVPPQGRVGGPHLWTPHNFENENKNLRMDPKLTLASTLPSESNPISPSFNWVQRTQQQQHHHPSSSMVSASSGTSSTNVPNPLIEIPSNQNYSGCYVSKRQEERMTGIKRPSSFSLENPPLSSSNFKSLSFPSPMKVSETISCRRGREFNLDFSNSTIREIPSLEPSNSDLNSKKKKKENNNFGGDFLRLAPPIPCSNFKSTSAFQPFHNLGIIKNQVPPPSGYKQFNQQQQHWYNFIPPSSNAALIGHQQSDRFQNCNMVGRSANLDLSLKLX,389,1
24,XP_009143320.1,MATSLSFMSTDQNSSLSFMSTDQNSVRNPNELLRNTYQLVNGEIRTEPPKKSRGRKPGSKTGQQNQKKPTLRGMGVAKLERVIAEEEKKKTVVAGGEGDTSAASPNANRLLPVLPDRGVVLQGFPSYGGGPTNTSLGGYTRSRFLCGGGAGSGQIVIDPVCSPWGFVETSTHELSSIPNPQMYNASNNHCDTCFKKKRLDGDQNVVRSNGGGFSKYTMMIPPPPPPMNGYDDQRSQGFFYDQRIARSAPVSASMNPYFNEATNLTGAMEEFGSLNPRNGTRGVKEYEFFPGKYDDFQGNSFPVATSVGDCSPNTTSSTIDLSLKL,325,1
62,XP_010108281.1,MAQEDQTHKCIGSNSSSSSSSKKQKEKKVPQRGLGVAQLEKIRLEEQQKKVIALSSSSFSSSSSPSLSLPNYRNFGVDSVPFPSVSAHNVGVKRPSYDDDYYHHHQLANFAYHNACEIPGNSKVPKVWNSCEYYVDKGENSPKFNPGLALNMNLPREPNPIRHHSGLLQRTQQFDQISPSMVNVQTPALLPPALSIQMEPPSNQSYYGNNALIWPEEEQMAGKKRLHAFLDHPPGPSFNLKFPTFSAQPRADGSTSCGDGSTFNPKLREAPPSYSASPSYSASIQEPNSENGIKENSAWNENLLTLSLPAITAATSLTSKFNLTFSSQAFHNYKIPDFETNPYEGIVGEPILQPGLSRPSEQLPFHSFFPPAKKQNCESTSIQFNDSNGGTDENVDLNLKL,401,1
119,Phvul.003G008300.1,MAAPFSAASLFGIREEDQNQMKQQHSSTTTPSSSSTPAAPPPQKKRRNQPGTPNPDAEVIALSPKTLMATNRFICEVCNKGFQREQNLQLHRRGHNLPWKLKQKSNKEAKRKVYLCPEPTCVHHDPSRALGDLTGIKKHFSRKHGEKKWKCDKCSKKYAVQSDWKAHSKTCGTREYRCDCGTLFSRRDSFITHRAFCDAFAQESAREPPNLSSAIGNQLYGNSNMSLGLSQIPSIHDQNSQSSDLLRFGGAPRTGQFDHILPPNMPSPFRPSSHQTMQMQNPPFFIQEPNQNQNQNYHDHQQGLISNKPFQGMIQLSDLNNNTPSNLFNLPFLSNRNHTPNYSEEHHFTTTEPSNFFTEGTMIETSSATAPSLFSTSLQSSTNMSHMSATALLQKAAQMGAASSSNNNNSASSLLRSLASKSEHRPLISAANYSSILNSSVQEMMNLPGFEAYDHAMNKEPKLSVGGSNRLTRDFLGVAQQQQQQRGFNLSSLESETNNAALSGQSFGGGGNFQX,515,0
173,OGLUM06G12960.1,MWKRALGLDFRGSKAAPLAPLSRRPSPSPAIRRSSAVSQRRRTARRHPAPSRGSSLPGWSPRARRTHSSSAPRAVTPTMGGEGAERRSKKKEKGKRQEEKAESGSRGDGEAVKLDLATDFPSNSMGKVAMDVEEAKEVHRRKKRKEKEKEKDHGKEKKNKVIADNIEEACAEAEQAEASGLKVEQHCSEDVQGDMSKCGSEEDKSIKKDNKLMKKKKKKERKVEMAEEGQILAGSTDENAGLLHAEMGRGEKEQGKKSKKSKRKHEDGEPVADGSAGDEIMTNRDKKRRRKEHSVELKEGDQVNISKKAVKIKGNKKRKNESDKFNPDLSTDALTGEDKVGGDGKNDKRKKKNDTSTRRNEVGRDDKNDKKKKKSKERNGGRKCEKEKAAQSKDKVRRVSFSDAVEVFSINDGEDEDNGKSAESEVVHGKRFTPEENATLMEAIMSYIEMKQLGENGLEMIRACSKHPELKGCWAEIGKSLPHRPLTAIYKRARILLYRSDERKWTPEEYEKIRRHVEKNGTSWISLAQELGKSEIHLKDTWRRIKPKNLKSVARFCISIKWKDSLQSQWTQDEYQNLFDLVNLDLRVKAHQEYDAGNRKLRDNIAWEAISDKLTTRNHKNCCLKWYYQLASPLVQKGIWADTDDYRLVEALQNVDAVCVEDIDWDNLLDHRSGEVCRQRWNEMVRYLGGHKEKPFIEQVEVLSKRYCPEMVDYREGEA,719,0
219,Medtr2g086390.1,MALQKFEQEDQNSALSLTLDDFQCNNDKNFSSLNMDEFLASIWSSNDEDTAQTHNNTESVATAEHTISQQLGNSSSVPPPICKKTSDEVWSEIHKNQPQFKEANNLKRNETLKKQETPGEMTFEDFLVKAGVVKQSSSLSFQNHSGNVSNNMEPLNIASSGLRPSMEVGFPTQCVTSNSSATYQMTSGAESSGAANRKRIIDGPPEVLLDRKQRRMMKNRESAARSRARKQAYTIELEAELNLLQEENKQLKQFLAEAERKRKQELLQRKQSAKVQKGTEKSSSSTTWX,289,0
31,evm.model.supercontig_12.16,MATSNSSLLFKAAEQSNAANQEEPKVDSPPEDQIESPRSRGRKPSKVPAQKKQPQRGMGVAQLERLRLQERWKKMTDITQVNALHVPNQFHSVPHLPFTTDSIGGVPVLHGGAYYAGPTIGGDGLLCLDPRMVAHRIGNGGFGGFYGGGSGCLMMDQGRVGTPGSDMRVQIETAKELPSIQTMLQQSGPDCFDACSKKKRSDGLDTGFNGSGKDQYGLSFFSSSKSCDFVGVDREKNAGTFNGDHFNGFGAVKSTKSPLFASRDSNEQVEVMAIHRKGNCDENGGSLVMEYEFFPGKTSEKIIKEKRGWPAEASVNAMSNGEASNHLTTSTASYANSSSDPATSIDLSLKLX,352,1
174,PGSC0003DMP400030610,MGRYPCCKVDEDLKKGPWTSEEDEKLMDYITKNGHTNWQLIPKKAGLNRWSKIASHLPGRTDNEIKNLWNTHLKKKLLKSGIDPVTHQPITDPNLLLSLSNLMNPFESALRLQAELTEIAKIHIIQNIIQVLNTPPPTLIPSLQENNYPMQQCYNNIIAPYDQILTNEPSPISNNLSDNMVVNSSILENNMINIVDNNSEYSSLPSLVPVTPENSVPFDQQIIDMINPSYYDDFYALEKILDDEANIIX,249,0
30,CA07g18300,MATSHHPILQENHQSRQTQTMNTSSTTRRRSSNNAQKKKKPPQRGMGVEQLERLRVQEQLKNSNIHIGGTHHQCLSSNNFPNFSSSASATVATGGVGVDSGIYSNPILNSSPLFQFPKSIVSPSNDFFVQQKVVNTGFIGSSATTVPTGPSIAFGNQSQIDLYRFVNPNSNNGKSKEIPHLFSNNNSSCFSDRCSSCNKKKRVINGDEMNISMENMIREKEVSGTKSFFQNPYSLPSSRLEKAVEIVAIHRKGNSSLSSDEGVVMEYDFFSEKNGNTNHTSCLGKTMKMMSANNSPESSSVAAAMGNINGESSSVTTISWATDTPTSSIDLSLKLSFX,338,1
158,KFK43864.1,MGPMRQKGQRHGGAVSPCAACKLLRRKCLKDCVFAPYFPAKEPYKFAIVHKIFGASNVNKMLQVLPENHRSDAVNSMVYEAIARVQDPVYGCVGTISSLHRQLEALQTQLAFAQAELVHIKTLHRFDTKPLPFTFPTNKDFSGDVDMAFVYEDGAGESLWSC,162,0
99,Sp_208080_qirn.t1,MATPLHFISSNDPNTPSTNTTNIWPLINQTQSNHYPNLRPVPNSNPNPNPTPKPRGRKGSGKSQNGKQNKVPLRGVGMAELERLRALDEQQSRSIPTPPTTTTTSSYNHNTTTHPLTDPRVNPSFHHSTPLSGVPVIRYCLPGQPITDQRITHRVGIPESASAPYYPELPSMPNPFQLDHHSSLTSFKKKRVIGEEAVGFSKGYNGNFGGFDPKNGDNYNHYLALNHGGFSSNHTINNGSEVVAIHRKWNGSGNVMMEYGFFPGKSEENTMKFDNDNNSNNYYHKMEDLNLKMGFFSDSSSASPSPSPSQSPSSSLSSLTTATTTTTSNTSVDLSLKLSTY,341,1
12,Araip.8N9BQ,MATTTSFLHLMVTDNNNNNNHEDQQPMMDNNPVLSEETTRTRSSNEHGGRIIRSGRNKGARVKPKKPPQRGLGVEQLERLRMQECWKKMMMMNDSSSSSSSSPSSSSSSGVVLPTTTSTTADYYHHHHNHHHYPNMVATFGGNNGGVTMKYGASAAPSAPRSHVHGGGFQFIPQQVFHGSAVGHFMGNNRSGFSGGSSSSSSCSSFGSVAMAPVFNPLLGTPLVETSRSELTSIPNLHHHSHLHQPLDFCLKGVEVVAVHRKGNSVCGRVFMEYEFFPGKDGRGTSSKELEFPTIAAAEAEASPITVPPPPTSTPYRKLPPPSSNSNTNNNIDLSLKLSR,340,1
135,Neem_576_f_7,MQFTCLILWEIDRHGKRPLPFDASEEKKEDEVIFPDPRQDQRSSASAATSGDHRQPHGQGGQDTSSQPTQDQGNIRRRHYRGVRQRPWGKWAAEIRDPKKAARVWLGTFETAEAAAAAYDAAALKFKGSKAKLNFPERVTGADSGFFLSSASNPGTVSLPQHFPISNIPPPQTLPYPLSHHPINPSSTLSYDQMFPNLFQYAQLLSSNDDNNFQYAAPNLYNYSQDQPFHSQSSSIIFSTPTMSSAMSQNQNPLENDMFSFSSCSRMGSFSSASDSVEQEKDSLDDGNQKE,291,0
37,orange1.1g048191m,MSCTVCDHHHEAAAAAAASGVNIVKSGRGRKPSNKANAQKKQKKTPQRGMGVAQLERLRQQEMPPPTPSIQNGHLQSHMPFPEPIPSVPVLHGAGHYGMPSVVVGNGLLSPLEESRVLHSGGGGRSGQVLMSKNLVGLGTSKELSSMPKNMHVHHHQQPWGVLPQQHCDICLKGTQAVLIHRNGNSMGRNVPREYEFFPGKGGKSTSSKDLEFPLEEASVAVHGEASWFTPTAYYSDSNACGPSNSIDLSLKLSVX,256,1
179,Csa19g014130.1,MGGGSATSLAPGFRFHPTDEELVRYYLKRKICNKPFKFDAISVTDVYKSEPWDLPDKSKLKSRDLEWYFFSMLDKKYGNGSKTNRATEMGYWKTTGKDREIRNGSKVVGMKKTLVYHKGRAPRGERTNWVMHEYRLVDEELDKINVHQQDAYVLCRIFQKSGSGPKNGEQYGAPFVEEEWEEEDDIITFVPDPYLASEDHVYVHMDDIDQKPDNLVVYDAIPLPLNFNHGESSNNAETNYSDSINYIQPGNYVDSGGYFDKPEESSEKDQKPIIHDGDLHIDALFQDDEIGCGVQDEHTANLQSSGNIFGTDLSCYNDFPAESNYLTGGEFQDPNSNVLQNDGLYLETNDLSSTQQDGFNFEDYLTIFDEDDENAQYLTFDPSQLMGDEDVFVDQEELFQEKPDNLVVYDAIPLPLNFNHGESSNNAETNYSDSINYIQPGNYVDSGGYFDKPEESSEKDQKPIIHDGDLHIDALFQDDEIGCGVQDEHTANLQSSGNIFGTDLSCYNDFPAESNYLTGGEFQDPNSNVLQNDGLYLETNDLSSTQQDGFNFEDYLTIFDEDDENAQYLTFDPSQLMGDEDVFVDQEELFQEVDKEETTGDKQVVEEKEKDEASCSKQVDADATEFEPDYKYPFLKKASHMLGAIPAPPAFASEFPTKAAAIRLNAGQSSGSVHVTAGMITISDSNMGWSYDKIANRELILSYRLVQENASGKLGNSLTRAMLIFMCFWVLLLSVSFKVSTLVTSQX,747,0
182,KHN18563.1,MENAPVVCKEDDQMDLPPGFRFHPTDEELISHYLYKKVIDTKFCARAIGEVDLNKSEPWDLPWKAKMGEKEWYFFCVRDRKYPTGLRTNRATEAGYWKATGKDKEIFRGKSLVGMKKTLVFYRGRAPKGEKSNWVMHEYRLEGKFSVHNLPKTAKNEWVICRVFQKSSAGKKTHISGIMRLDSFADELGSSALPPLSDSSPSIGNTKPLNDTAYVPCFSNPIDVQRNQEGVFDSFTNSIYAVSSNPMGILPRMPPSGSFYSTQGVQAAPNLAFPGSVYTLQDHTILRTLCENNGYKPERDMISVSQETGLTTDINAETSSNFDMGRRPFENHNHASVSVAPLDLDGLWNY,350,0
90,SMil_00027462-RA_Salv,MAQEEQHIVSSTHSGDRSRNVKQKKIPQRGLGVAQLEKIRVEEQRKKETANALPNNAIASATDATLSPSPVNFRSPSLPVQMNGSVEDAASWCRLWNGDYNHRNDNTAEFRPPVNLQSESNAALPQRFFRFQRPASPVVNTSSPSASSHMEPPSNQNMHNIHCNSYASSSSSWPEEYKACKRSYPFSLESPPAGSFNGHFDPSSVASKSRRDELPHVAVDGPSNLPEDDGRLNGNFLTLAPPPWNSKHTYATDNPESQGPEENETRQVHHWIASRSREEPFSFFPVRADESDEEKGETIDLNLKL,305,1
73,Potri.001G409000.1,MATSLSLFLMPSDDRKQESTLAISTEPAEPTRTTTTTRTRKPAANKCQTRKKQPRRGMGVAQLENLRIQERWKAITETKQIGSLNLQPTKQLHVFDPFNNNNDDNQMAQYGTTVNHGVPMRNNGVVFNGFLGWDHQGGVVVKRVDEFNANNNGGFGCQVLVNPYMVGSAPVHQAGAPAPAPAAAVLLEASKELSSIPKVMQQQKQYEPTRCDLCFKMGGFSARAATSAFYAKYHNHNNNEGVEAMEAHRKGNNAMGSKVIMEYELFPGKNGKSTCFKDMEFPTAEASVAVGTGEASCVTTYSDYSASDASNSIDLSLKLSCX,322,1
157,914964,MKEQQQWVISSSFEAQCRIVGPIYGCVGIISLLQSQIQTKKNENLLAKTNLVRTTLPNSYFHX,63,0
188,MLOC_75135.2,MGMEILSSTVEHCSQYSSSASTATTESGAAGRSTTALSLPVAITDESVTSRSASAQPASSRFKGVVPQPNGRWGSQIYERHARVWLGTFPDQDSAARAYDVASLRYRGRDAATNFPCAAAEAELAFLTAHSKAEIVDMLRKHTYADELRQGLRRGRGMGARAQPTPSWARVPLFEKAVTPSDVGKLNRLVVPKQHAEKHFPLKCTAETTTTTGNGVLLNFEDGEGKVWRFRYSYWNSSQSYVLTKGWSSFVREKGLGAGDSIVFSSSAYGQEKQLFINCKKNTTMNGGKTALPLPVVETAKGEQDHVVKLFGVDIAGVKRVRAATGELGPPELFKRQSVAHGQHSPSLGVFAL,353,0
45,FANhyb_rscf00000585.1.g00002.1,MGVEEKTQQCTSPTGGFGRSSNSKKTNKQKKVPQRGLGVAQLEKIRLEEQQKKAASVLSSPTPTPASNSLPSPTKSSPCVPNPAPIRHYQPPSSISFPSLPSLDLPSPNSIFRPPNAEVVRKQQNSVSAVPLPNNGFEILGHGNVVVPNFWNSNCEYNGADLNKESSSGILDPGFAFRPSLNNLPTFDHSNPIWPLPNFQRTQQFNHQPQPPPPPPPPSLVNVSSATSLSSSSSVLNFHTEPPSNQSYYSNYTTPMWSEEERMVGMKRPYPFFQDNDAPSINFKFPTFVAPPMRTDETTSCGNRGGTYNLDPGCNSIFREGRTCSTSIAESNSKITIKENGSVNGDFLTLAPPTSNRACPSQKFSFPPGYLAFHNPEVPNFASFPYQGSSEDTIFQPGPSGSNPQQAFYTFIPPARAQLVRPAATINNCNGDVGETVDLNLKL,443,1
208,Pahal.F02018.1,MWEAGGVHGSHEALLLQAAGSGAGGDYGHAGPALLPWLGPAAAPGFSYMAPHHQGPAFGAEAAAGAFGFGGGYGGDGGGAGQLGVFGLEPPLPPPPQGLLAAAAGGGGALPQGPRMVSGLLGTLQAELGRMTAKEIMDAKALAASRSHSEAERRRRQRINSHLARLRSLLPNTTKTDKASLLAEVIEHVKELKRQTSAVLGAAAEGEGEEAAARQHLVLPTESDELAVDAGEDGEGRLVVRASLCCEDRAGLIPDIARALAALRLRARRAEIATLGGRVRNVLLITTAAADEDEEGRGQGDDDEEGGGDDADGCGARASSHHRRHELVASIQEALRGVMDRKTASSDTSSSSGGGGGSIKRQRMSGAHEQGSLX,374,0
59,Lj0g3v0072869.2,MEEDQEDIPRSYSNGGGSGGGGGNNGRSLKKAKQRKVPQRGLGVAQLEKIRLEEQEKRDVNGTPISSSSSSTKSSYLNNFHHSSSTTTTPLPTRPP,96,1
28,Cagra.0570s0036.1.p,MATSLFFMPTDQNSVGNPNELLRNTHLGVNSSGEIRTEPQKCRGRKPGSKKGQQNQKKPTLRGMGVAKLERERLKTEAAENKQVAATLGDTLVAPPNPNNATRLLPVPVDPVLVLQGFPSSVGGGCRSNRIYCGGVGSGQIMIDPVCSPWGFVETTSTHELSSIPNPQMFNASSNTRCDTCFKKKRLDEDQNNVVRSNGGGFSKYTMIQPPMNGYEHLFHQDYQRSSQGFIYDHHRMARSAPPSAAAATSINPYLNEATNHTVSMEEFGSGYMEGNPRNGSGGVKEYEFFPGKYDDFPGNYGKTVSSMATSVVVGDCSPTNTSSSSSTIDLSLKLX,336,1
35,Ciclev10010617m,MGQEDQTQKCSNSSSGNCSGGGLGNIVRSAKKQKPKKVPQRGLGVAQLERIRIEEQKRKDASLTASSNQPCSSSISSPNSMFMPSSCSSVIQNIEILNSKANTVPSTNNPAGCSSSSVSIHHGHAANVHKLHNSCDYSLEKESAGVDPGLNFRSNFNNLPFDSVPVWPFPSSMQRPQLFLHPSSSMVFESSSATSSSSIINFQMEPPSNQSYYSNNYPPMWPEEDKMVGMKRPYPFSIDHPPAFSTLHYKIPPIVHPRVISRSEDSASCGRGHTLIFEPGFAMSREGSSCSAFMLEPNNSKKSIKENGVLNGGFLTLAPPTSTSLCQGSKFKRPPHFLAFTNSEFPDFELLPYQGSVVDQMHRPGQNQRQPYYSFFPQSMAQTGQATSTMTNCNNGEVGESVDLNLKLX,409,1
15,Bostr.7867s0553.1.p,MATSLFFMSTDQNSVGNPNELLRNTHLGVNSSSEIRTEPQKSRGRKPGSKKGQQNQKKPTLRGMGVAKLERLRTEAEKKQIAATVGDTSVAPNPNNATRLLPVPDPVVVLQGFPSSLGGCRSNRIYCGGVGSGQIMIDPVCSPWGYVETSTHELSSIPNPQMYNASSNTRCDTCFKKKRLDEDQNNVVRSNGGGFSKYTMIHPPMNSYDHLLQPDYQRSQGFIYDHRIARSAPPSATSTNSYFNEATNHTVSMEEFGSYMEGNPRNGSGGVKEYEFFPGKYDDFPGIHGKRISSVATSVVGDCSPNTSSSTIDLSLKLX,319,1
56,Kalax.0470s0015.1.p,MASPSPLLMIVSQGSTKPQPGSSNQEYSSPKSEHPKLPRGRKPTKSNKSPMKKKPSQRGMGVERLERLRLQEKWGGGGSSLPEAAAALPAHLHQFQPPPHPLIPVAAPSPAAHFGPQLLNMADPKVRLLGGGSCGSWMARGWVGGLLETSRKELSSIPKLMPCHHHQCDACCSKNKCHHALTGLHSNHGHTVGLEMKDFNGITMKQIYHHINKQEAEMMGVTRLASGLKEYEFFPGICTSDSHTDSFTRSFEQHSHHTSTEPASYYSIPSHQYTTTAASNAIDLSLKLSLX,291,1
44,mrna27169.1-v1.0-hybrid,MGVEEKTQQCTSPTGGFGRSSNSKKTNKQKKVPQRGLGVAQLEKIRLEEQQKKAASVLTSPTPTPASNSLPSPTKSSPCVPNPAPIRHYQPPSSISFPSLPSLDLPSPNSIFRPPNAEVVRKQQNSVSAVPLPNNGFEIPGHGNVVVPNFWNPNCEYNGADLNKESSSGILDPGFAFRPSLNNLPTFDHSNPIWPLPNFQRTQQFHHQPQPQPPPPPPPSLVNVSSATSLSSSSSVLNFHTEPPSNQSYYSNYTTPMWSEEERMVGMKRPYPFSQEIDAPSINFKFPTFVAPPMRTDETTSCGNRGGTYNLDPGCNSIFREGPTCSTSIAESNSKISIKENGSVNGDFLTLAPPTSNRACPSQKFSFPPGYLAFHNPEVPNFASFPYQGSSEDTIFQPGPSGSNPQQAFYTFIPPARAQLVRPAATINNCNGDVGETVDLNLKLX,445,1
113,DCAR_004706,MKGEHGDVDEVMEAFGEEIWRGSEESSIFCDVFPALPDFPCMSSTSSSSSNPALNRQFVSSSASSGCSASSSAVVKSDGNLRSVKYEVDVSPSALSSTDCMGVMEEFGYMDLIEDGNEGWDPSSIFRNDDETNVGEELIDQGGFKEEERVEEEMGLDELGVMFFEWLKTNKEHISAEDMKNIRFKKSTIECAYKRMGSSKEGKKQLLKLILEWVEQYQLQKKRSREAAEAAAEAASSHQVPCLYQEPNPNPNPNSNFVNFMPTPGANACMWIPIPQSSSIDPPAVVPSGPAPPAVAYYQPYPFVGGANVGPVNCQPYPPQMPQPEYQMLESPQLWPRSQFVLAPQYNSFPDQNGNFVPIAPHPVAPVYGEQYPSQVYNGSNSDRVVRLAPSATKEARQKRMARKRWGSFHRNQPHQNQIQKTDSPEQISEKKLGAENFTNSINGQSSPVNWLYWPAVGPPKLAQPPMAAQSQQPDQYQQGYPTFLPVKAQSNRRPAQQQQKKQGFKGEKNLKFLLQKVLKQSDVGCLGRIVLPKREAETQLPQLEDRDGIQIVMEDIGTSKVWNLRYRYWPNNKSRMYVLENTGEFVKENGLQEGDFIVIYSDIKCGKYLIRGVKVRQPVKGKLEAKVTRKHHSNSGAGTDIPQNHSNSGAGTDIPPYTPSNX,663,0
82,Pbr025857.1,MAHEEEQTQNTSTEIIGLGSNNIISSRSSSKKTKQKKVPQRGLGVAQLEKIRLEEQQKKAAAAAILSTTPPSSLPSPTKSSSYSCTSSVPIRHFYQPPSSIPFPSLDLPSPNSIFHPQFIPSAHSGVDGRKPMISSGTVPFGVGNNNNNNNINGGGNGNHVPNLWNPCEFNILDQKVSCNPGLDPGLAFRSTMNLPFESSNNNSLWPLSNFPTRTQQFHHQQPPPPPPPPPPPPSMVNLSTANSSSVLNLQIEPPSNQSYYSNCTPMWPDEEKMVGMKRPYPFSLENPPIPSIKLPTFVAPPIRADEATSCGNRSAFNFDPAIKTNFREGPSCSTSISESNSRSSIKENGSVNGDFLTLAPPSTSWTCPSPKLNLPPSYLAFHNREIPDFESFHYQGNNADDTIYQPGPSVPNPQQAFYSFFPLAKAQNGRAATTLNNNCNGEVGESVDLNLKLX,455,1
205,Gh_D07G1125,MSMDLTSERVWYVHCNFCNTILAVSVPCNSAFNIVTVRCGHCANLLSVNMGTSLQTVPSQDAQKQQITIDEDHSNKECGSSSKCNKFSAVDSTEQEATRMPPIRPPEKRQRVPSAYNRFIKEEIQRIKASNPDISHREAFSTAAKNWAHFPHIHFGLKLDGSKQAKLDQGYADQGSQKSNGYC,183,0
80,Pbr021174.1,MATPMLLMASERNTTKQPAKTLFGSYDESKSEPTKPTKTTKKSSTKASSNTKKQPQRGLGVAQLERLRLQDWKKMTEVPQLQPQPQVLNLPPLPHHHHHHQYQNPINLPDPLNSVPVQYGASRFNGPSVMNGCGGSAASTTCFYGLVGQRVGNGSGFGYAGGNNLVTNLDPSPYGVGAPDPRVQSGAVYETSRELSSMPKIQSLSSDCCDHCLKGIQKKRFISGDYMALNGWSDKSATVSPINGSDFLGLNPETGSFGDRVVSRAARYLGRSNLVDDQGVGVRAVHRKGGSAGGGIFMEYEFFPAADHQKSDEIKRGGTYPKLQTVGREEEEEASDISPAATFKGYGIGAADSYHDHQQHHNPVDLSLKLSFX,373,1
17,GSBRNA2T00046732001,MAASLFFMPRDQNPNEFLRNTYLVNDSSEIPTEPPQNSHGRIPGSETGNQKPKKQVLRGMGVARLERLRIEEEWKNMVLAQGGRGASPNATRSPDPGVVLQGFPSYGTGGHNMSVGGYTRNGSGQIPVYSPWGVVGTSTHEPSSVPTPQVYNPSNIHCDACYKRQRINEEVRANGGGFPHFLPPDQRSQGFFYDHRIARYPASPSASTNQGSMEEFGSGSPRNGTGDVKEYQFFPGSDGNKSVSSVSTSVGDCSPDTSTIDLTLKLX,267,1
94,XP_011098254.1,MAQEEHFFGCSYSGGGGSGGGGNGGGGGGGSGCGGGVSSSRSKTAKQKKVPQRGLGVAQLEKIRLEEQQKKESLQVANILAKNSVGSSSDNAQFLAVQCSKFRPGLSPLHKSDPNLEILHENSVQIPKNLNAGGGEIGVEAISSPGHENRPIWWNGEYNLPGEKQRLGTHGFAFEPQVSLPYQSNSPFLPLPVVPQRSQQFQWPCSSSSSVMNSSTGISASSILSSQMEPPSNQSSRGNNYVPSWSEEEKMVGMKRSYPFLVESQPSRSLHCNFHPSYAASLSRSDEFDSCSNGYKAHMEPRNKCVRESSSNSSPQPEQNPSEVTRDKGMLNGDFLTLAPPVVVSQPSNSEHKNTLDYSGYKRPELYPYERIPSQDYAKSQIRHPGPSGLVERAVSFLPITLQIDQTTTSVSNGNGEKTETIDHSLKL,428,1
29,Carubv10006307m,MATSLFFMPTDQNSVGNPNELLRNTHLGVNSSGEIRTEPQKSRGRKPGSKKGQQNQKKPTLRGMGVAKLERERLKTEAAENKQIAATLGDTSVAPPNPNSATRLLPVPVDPVLVLQGFPSSVGGGCRSNRIYCGGVGSGQIMIDPVCSPWGFVETTSTHELSSIPNPQMYNASSNTRCDTCFKKKRLDEDQSNVVRSNGGGFSKYTMIQPPMNGYEHLFQQDYQRSSQGFIYDHHRMTRSAPPSAAAATSSNPYLNEATNHTVSMEEFGSGYMEGNPRNGSGGVKEYEFFPGKYDDFPGKYGKTVSSKATSVVVGDCSRTNTSSSSSTIDLSLKLX,336,1
49,Gorai.002G077500.1,MATSLTLLTPNTDNPTTKPMEDEAKPAMEFVKSNKGRKSSGKGPYQKKQPQRGMGVAQLERLRKMSETRTTTTINQFGCEAMGASNVPVLHGVANYGVPPMMINGGSGGLWGWGADTDGLMMQRVVGNGGFGGFNSQVLVGNPGNVQVGCAAASVVEASKELSSMPKFQHCKPEHCDLCFKKKRCNMENGKFNGGLFNQFGQALPNKGTDFHGWNLENNQNTNEEMMKGFSARAARSAYAYAAAGQMNINETVDVVAIHRKGNSFGTGSYVMEYEFFPGKNGRNTASKEWEFPEEASSSAITVGGEASYANNAPNCVDLSLKLSYX,326,1
63,NNU_020668-RA,MVQEEQYQRWCSNSSSGGGGSGSRSTKKLKQKKIPQRGLGVAQLEKIRLEEQQKKDAASVAVVPSSPCIVIPLPPHNPYHSQSSVPFPPPPVDLSSSSSLFRPVAPSIPISTHDLFVLPPPNPTPPPLHGLPSSPLGAEGGVFSALGDSAVTGAGDAYLQSIWNSHELSEGSKLDPGFTFRSRLQNDNTIWLPPVITHSKQPQQQHSSSSMASN,214,1
181,Tp2g22790,MEVLSLDSLPVGFRFSPTDEELVRYYLRKKINRRDDDVRVIREVDICKWEPWDLPDFSVVKTTDSEWLFFCPLDRKYPSGSRMNRATVAGYWKATGKDRKVKSGNTKIIGVKRTLVFYTGRAPKGVRTCWIMHEYRATEKDLDGTKSGQNPFVICKLFKKQDVVNGAAPEDLKSCEVEPAVSSPTIVDDMKSEVELSEVSLAFPKTEETKPSDAAESSLVISGKCHSENSALEVATTELNHIDWCSYLELEPLDCNMFSPLHSQVQSELGSSFNGFPSGSTDLFRNQNGARIQTQYGSNDADEYMFELLDSALENSYEFPEEKHLAQPTPEQIPYEPQNFVNTSNKINNDVSETGIKIRARRAQTPGCAEQFVMQGNASRRLRLQVNHNSHKSETDNPQVKDTSRGSITKECGKFMRSKSRTEFVFKKIAAMGCSYSGLFRAGVVAVVFAMSVCTLNAKFR,461,0
175,Jcr4S04149.40,MGNPKQKWTAEEEEALRAGVAKHGTGKWKNIQKDPEFNPFLFARSNIDLKDKWRNMSVSAGGQGLREKSRTQKPKVNSEEPATAVSSPGPLTIVQTSASVALTKSDPVVDDSSKITVDGKSAPNQSTLVSPFSRVQQRQEVPQNFRRQLSAKLRRLVAQEKLEKVENCYKIKNSPSIGTKIHTPKQKDIQPRQLQSIGCITTDDTVEEAAVAAAYRIAEAENKSFVAAEAVKEAERVSKLAEDADSLVQLAKEILERCKLKF,262,0
137,XP_009784267.1,MNIFRSYYSDSLTESSSLSDNSSSPCNRANLSDGEVLLALNNPKKRAGRKKFRETRHPVYRGVRKRNSDKWVCEVRQPNKKSRIWLGTYPTAEMAARAHDVAAIALRGRSACLNFADSVWKLPVPASADAKDIQRAAVEAAEAFRPSESEAVSGDSCGGSGTTPEKPESNHCFMDEEALFCMPGLLASMAEGLMLPPPHYVEVGDYVEAAADMHLWSYII,220,0
5,Aqcoe7G134300.1.p,MATSFFFPNNGNTVGGGGGGGGGEMMNQENSMLLFGQPEIRKQRAGGKKNINGKVNNNSNNQKKQSQRGMGVEKLERLRMGGYLNKFVEIEGGSSASATATAASHHDPFLHHHHQFNFPFTYGGGSVTATAVHHVPFAAEYVGGHVINNNVYQVHQPVSAAANNLGFSPYASRFVNGGGFTMVPMTPNQFHQAPNKELSSIQINDSNYDNSWNKKKLINGSGGEVLEYDGEKTEMQINGCDSLALSLGLSNSNTTNLNLHDQEAQEVMKMHRKRNGGDAGRRGERVLMEYEFLPHHKGSSSSSRSNKDNTTSVSKGGLVLGHEASPTNNNNFLDLSLKLSCYNX,344,1
88,SapurV1A.0840s0030.1.p,MATSLSLFLMPSDDKKQEPTMAISTKPAEPTRTTTTRTRKPTTTNKCQTRKKQPRRGMGVAQLENLRIQERWKAITETNQIGSLNLQPAQQMHVFDPFNNNENQMVQYGTTVNYGVPMRSNGVVFNGFLGWDHQDGVAVKRVDEFNANNYNGGFGSGQVLVNPYMVGSSPVHQAGAPAAAVREASKELSSIPKVMQKQKQYDPTCLKMGGFSARAARSTAPYANHNHNNNEGVEAMAVPRKGNNAMGRKVIMEYEFFPGKNGKNTCFKDMESPTAEASVAVGTGEASCVTTYSDYSSYRASDASNSIDLSLKLSFX,316,1
115,Glyma.05G201900.6.p,MDDGRQHENGRHKMEYYRGAHSLWNTDSQHQVKEPNALVMNKKIRSIMAERQAAILEIELEAAISEKNEALAARDAAIRQRDEALAQRDNALLERDNALAALQSRNNSVNFPFGGGIQCGSKRMHHSSNHLSNMTEAAYNTKDMIIRDASPVTVIPSEAVNSHQSKRSKENKVINSKASKPPCKVKKMGEDLNRQASSEGTKIRSEWDRQDVGVNLVAFDETIMLVPVCTCTGVPRQCYKWGNGGWQSSCCTTTLSMYPLPQLPNKRHARIGGRKMSGSVFTRLLSRLVSEGHDLSIPLDLKEYWARHGTNRYITIKX,318,0
2,AA32G01105,MATSLFFISSTDHNNNNNTSLSTPNDHHLPSNTDLIRTTEPQKTRGRKPGSKSVPQQNQKKPRRRGMGVAQLERQRIQEEHKLTSLDTNPNPNQIPNPNPNRLPDPLLVLQGFPSYQKTNAVCRRYYSGGGSVVGPGQVIIDPVCSQDQTTKWGFVETSTELSSIPKNNPHILNPSHTYFKKKRFDGDVIRSHGGCGGVGGGFSKYTMIPPMNNGCYDHLPSVFGQDQRCLGMYYDHRVARSTLAPTGFFNHTTGSMGDYVKGNPSNEGGGAGGLHMVKEYEFFPGKYENFPGKYGDNISSEGDCSLNTSSIDLSLKL,318,1
79,Prupe.4G192500.1.p,MATPMLLMASEQSTTQEPTKTLVGFYEESKPESTKSTKGTKKSGKASNSKKQPQRGLGVAQLERLRLQDRWKKMTELPQLQPQPQVVNLPDHHQYQNFQHQNPTRTLPGPLASVPVQYGASSYNGPLLIKGSGGNGLFGFVGQRFGNGSGFGYAGGNNLVVDLNPSPYAIGAPERFEVGAVYETSKELSSIPKVQPLSSDCCDICCKKQKKRLNSRNYMGLNGRSGKSEASLPINCSGFLRLNPEAGGGQVVGRSTAHSGYRNDDQGVEVRAVHRKGSSAGGGIFMEYDFFPAAGGKSSEMRGGTCPKEPEMWQTAEASVSVGSHEEPSDITASSYGYGIGADSYHNPVDLSLKLSFX,358,1
13,Araip.X32YN,MEDDHNTKVAQELQKQTYSSDGNGNGSGGGGGGGGGRPSKKPKQKKVPQRGLGVAQLEKIRMEELQKKNAVTILSPQQDSVASTKPTCMHLPIQNFHHSSQPPPRSQAEFRPMSLKQMLDAKVPGTGTVPLTHNSGFEEERFWVDPAAMQFLPSFPFESNPVWPLPYLGQKAPQFHHQLTSMVNVSTPPMPHYSREPPSNQNCNDNGLFARQAEKIVGVKRSYPFCLDAPPVPAYNYKLHPFAETQTNATTLCNSGFNNDASNSTLRELPSCSASNSELNSRKRNKENENFVGDFLTLASPTSTSSPPSKTKPFSAFLAIPNKDNPESESPSFQDTIEDQVPQVQAFNRFNQQKQPFYYFFPPVADELQIGLSAARTQNVNEAKENVDLNLKLGK,395,1
